detector,record,fs,seconds,analysed_seconds,detected_r_peaks,reference_annotations,tp,fp,fn,sensitivity,positive_predictive_value,f1,mean_abs_timing_error_samples,median_abs_timing_error_samples,timing_jitter_samples,false_positives_per_minute,runtime_ms,runtime_ms_per_minute_ecg
pan_tompkins_baseline,100,360.0,60.0,60.0,74,75,74.0,0.0,1.0,0.9866666666666667,1.0,0.9932885906040269,2.2972972972972974,2.0,0.45706850068345306,0.0,673.1390000059037,673.1390000059037
pan_tompkins_baseline,101,360.0,60.0,60.0,71,72,71.0,0.0,1.0,0.9861111111111112,1.0,0.993006993006993,1.7605633802816902,2.0,0.42673964528290464,0.0,4.041209002025425,4.041209002025425
pan_tompkins_baseline,102,360.0,60.0,60.0,70,74,70.0,0.0,4.0,0.9459459459459459,1.0,0.9722222222222222,22.15714285714286,30.5,13.751148375050464,0.0,3.8352919946191832,3.8352919946191832
pan_tompkins_baseline,103,360.0,60.0,60.0,70,71,70.0,0.0,1.0,0.9859154929577465,1.0,0.9929078014184397,2.4571428571428573,2.0,0.49815987926179117,0.0,3.9834159979363903,3.9834159979363903
pan_tompkins_baseline,104,360.0,60.0,60.0,64,77,64.0,0.0,13.0,0.8311688311688312,1.0,0.9078014184397163,27.984375,39.0,18.29488674081846,0.0,3.579333999368828,3.579333999368828
pan_tompkins_baseline,105,360.0,60.0,60.0,82,84,82.0,0.0,2.0,0.9761904761904762,1.0,0.9879518072289156,6.048780487804878,6.0,0.41030741076245664,0.0,3.6441249976633117,3.6441249976633117
pan_tompkins_baseline,106,360.0,60.0,60.0,54,70,54.0,0.0,16.0,0.7714285714285715,1.0,0.870967741935484,2.185185185185185,2.0,0.4335074041007269,0.0,3.86633299785899,3.86633299785899
pan_tompkins_baseline,107,360.0,60.0,60.0,66,72,66.0,0.0,6.0,0.9166666666666666,1.0,0.9565217391304348,34.54545454545455,39.0,14.61441983855777,0.0,3.627209000114817,3.627209000114817
pan_tompkins_baseline,108,360.0,60.0,60.0,58,63,58.0,0.0,5.0,0.9206349206349206,1.0,0.9586776859504132,3.9827586206896552,4.0,1.7269804155024842,0.0,3.6721669966937043,3.6721669966937043
pan_tompkins_baseline,109,360.0,60.0,60.0,69,92,69.0,0.0,23.0,0.75,1.0,0.8571428571428571,5.130434782608695,5.0,2.71823175408851,0.0,3.844708000542596,3.844708000542596
pan_tompkins_baseline,111,360.0,60.0,60.0,63,70,63.0,0.0,7.0,0.9,1.0,0.9473684210526316,2.4285714285714284,2.0,1.5807802545426504,0.0,3.8111250032670796,3.8111250032670796
pan_tompkins_baseline,112,360.0,60.0,60.0,85,86,85.0,0.0,1.0,0.9883720930232558,1.0,0.9941520467836257,2.152941176470588,2.0,0.3599307891947849,0.0,3.6553329991875216,3.6553329991875216
pan_tompkins_baseline,113,360.0,60.0,60.0,58,59,58.0,0.0,1.0,0.9830508474576272,1.0,0.9914529914529915,2.4827586206896552,2.0,0.4997026464203254,0.0,3.6406250001164153,3.6406250001164153
pan_tompkins_baseline,114,360.0,60.0,60.0,54,55,54.0,0.0,1.0,0.9818181818181818,1.0,0.9908256880733944,7.222222222222222,12.0,6.155617952172946,0.0,3.789041998970788,3.789041998970788
pan_tompkins_baseline,115,360.0,60.0,60.0,63,64,63.0,0.0,1.0,0.984375,1.0,0.9921259842519685,3.1746031746031744,3.0,0.3796273251778222,0.0,3.7778750047436915,3.7778750047436915
pan_tompkins_baseline,116,360.0,60.0,60.0,77,79,76.0,1.0,3.0,0.9620253164556962,0.987012987012987,0.9743589743589742,2.6973684210526314,3.0,0.459397111844634,1.0,3.7338340043788776,3.7338340043788776
pan_tompkins_baseline,117,360.0,60.0,60.0,50,51,50.0,0.0,1.0,0.9803921568627451,1.0,0.99009900990099,3.96,3.0,4.6303347611160905,0.0,3.804374995524995,3.804374995524995
pan_tompkins_baseline,118,360.0,60.0,60.0,73,74,73.0,0.0,1.0,0.9864864864864865,1.0,0.9931972789115647,16.534246575342465,18.0,5.710932453107436,0.0,3.690749996167142,3.690749996167142
pan_tompkins_baseline,119,360.0,60.0,60.0,65,71,65.0,0.0,6.0,0.9154929577464789,1.0,0.9558823529411764,3.8153846153846156,3.0,2.6269427862758765,0.0,3.697874999488704,3.697874999488704
pan_tompkins_baseline,121,360.0,60.0,60.0,60,61,60.0,0.0,1.0,0.9836065573770492,1.0,0.9917355371900827,4.8,5.0,0.4760952285695233,0.0,3.497375000733882,3.497375000733882
pan_tompkins_baseline,122,360.0,60.0,60.0,87,88,87.0,0.0,1.0,0.9886363636363636,1.0,0.9942857142857142,3.7471264367816093,5.0,1.8144907825904473,0.0,3.722041998116765,3.722041998116765
pan_tompkins_baseline,123,360.0,60.0,60.0,49,50,49.0,0.0,1.0,0.98,1.0,0.98989898989899,2.9183673469387754,3.0,0.2738042421428314,0.0,3.6993329995311797,3.6993329995311797
pan_tompkins_baseline,124,360.0,60.0,60.0,49,50,49.0,0.0,1.0,0.98,1.0,0.98989898989899,1.183673469387755,1.0,0.9829873125544731,0.0,3.6167080033919774,3.6167080033919774
pan_tompkins_baseline,200,360.0,60.0,60.0,76,94,76.0,0.0,18.0,0.8085106382978723,1.0,0.8941176470588235,3.6315789473684212,3.0,5.4720392265040365,0.0,3.534250005031936,3.534250005031936
pan_tompkins_baseline,201,360.0,60.0,60.0,87,91,87.0,0.0,4.0,0.9560439560439561,1.0,0.9775280898876404,3.7126436781609193,3.0,1.761060586770406,0.0,3.8947909997659735,3.8947909997659735
pan_tompkins_baseline,202,360.0,60.0,60.0,52,54,52.0,0.0,2.0,0.9629629629629629,1.0,0.9811320754716981,5.980769230769231,6.0,0.9901512047581538,0.0,3.6917500037816353,3.6917500037816353
pan_tompkins_baseline,203,360.0,60.0,60.0,72,109,72.0,0.0,37.0,0.6605504587155964,1.0,0.7955801104972376,5.208333333333333,5.0,2.7281327558118087,0.0,3.840083001705352,3.840083001705352
pan_tompkins_baseline,205,360.0,60.0,60.0,87,90,87.0,0.0,3.0,0.9666666666666667,1.0,0.983050847457627,2.2873563218390807,2.0,0.45252918816159815,0.0,4.0897500002756715,4.0897500002756715
pan_tompkins_baseline,207,360.0,60.0,60.0,65,97,63.0,2.0,34.0,0.6494845360824743,0.9692307692307692,0.7777777777777778,6.873015873015873,3.0,12.85116459091967,2.0,3.831374997389503,3.831374997389503
pan_tompkins_baseline,208,360.0,60.0,60.0,75,111,75.0,0.0,36.0,0.6756756756756757,1.0,0.8064516129032258,2.7466666666666666,2.0,2.239603139447305,0.0,3.801582999585662,3.801582999585662
pan_tompkins_baseline,209,360.0,60.0,60.0,87,94,87.0,0.0,7.0,0.925531914893617,1.0,0.9613259668508287,2.9195402298850577,3.0,0.27200366818848803,0.0,3.6176249996060506,3.6176249996060506
pan_tompkins_baseline,210,360.0,60.0,60.0,85,93,85.0,0.0,8.0,0.9139784946236559,1.0,0.9550561797752808,2.847058823529412,2.0,1.7320907621439756,0.0,3.8336669967975467,3.8336669967975467
pan_tompkins_baseline,212,360.0,60.0,60.0,90,91,90.0,0.0,1.0,0.989010989010989,1.0,0.994475138121547,4.311111111111111,3.0,5.143808456007938,0.0,3.5429999988991767,3.5429999988991767
pan_tompkins_baseline,213,360.0,60.0,60.0,99,112,99.0,0.0,13.0,0.8839285714285714,1.0,0.9383886255924171,2.080808080808081,2.0,0.33864756796444867,0.0,3.626833000453189,3.626833000453189
pan_tompkins_baseline,214,360.0,60.0,60.0,76,77,76.0,0.0,1.0,0.987012987012987,1.0,0.9934640522875817,6.5131578947368425,6.0,2.7743819655661555,0.0,3.837958996882662,3.837958996882662
pan_tompkins_baseline,215,360.0,60.0,60.0,83,114,83.0,0.0,31.0,0.7280701754385965,1.0,0.8426395939086295,3.6626506024096384,3.0,2.6867740017011403,0.0,3.7896249996265396,3.7896249996265396
pan_tompkins_baseline,217,360.0,60.0,60.0,72,73,72.0,0.0,1.0,0.9863013698630136,1.0,0.993103448275862,23.319444444444443,23.0,1.3104959715153741,0.0,3.8030830037314445,3.8030830037314445
pan_tompkins_baseline,219,360.0,60.0,60.0,73,75,73.0,0.0,2.0,0.9733333333333334,1.0,0.9864864864864865,2.219178082191781,2.0,0.5792431373113966,0.0,4.025834001367912,4.025834001367912
pan_tompkins_baseline,220,360.0,60.0,60.0,72,73,72.0,0.0,1.0,0.9863013698630136,1.0,0.993103448275862,3.111111111111111,3.0,1.3182011686338524,0.0,4.0897919971030205,4.0897919971030205
pan_tompkins_baseline,221,360.0,60.0,60.0,67,79,67.0,0.0,12.0,0.8481012658227848,1.0,0.9178082191780821,2.7761194029850746,3.0,0.5940223505114149,0.0,3.9594999980181456,3.9594999980181456
pan_tompkins_baseline,222,360.0,60.0,60.0,61,76,61.0,0.0,15.0,0.8026315789473685,1.0,0.8905109489051095,2.442622950819672,2.0,0.4966969641817416,0.0,3.8864999951329082,3.8864999951329082
pan_tompkins_baseline,223,360.0,60.0,60.0,79,81,79.0,0.0,2.0,0.9753086419753086,1.0,0.9875,5.2025316455696204,5.0,0.9857175865281917,0.0,3.905833997123409,3.905833997123409
pan_tompkins_baseline,228,360.0,60.0,60.0,68,85,68.0,0.0,17.0,0.8,1.0,0.888888888888889,2.911764705882353,2.0,3.3257410652692116,0.0,3.9365839984384365,3.9365839984384365
pan_tompkins_baseline,230,360.0,60.0,60.0,71,86,71.0,0.0,15.0,0.8255813953488372,1.0,0.9044585987261146,4.704225352112676,3.0,3.647860133674293,0.0,3.6904169974150136,3.6904169974150136
pan_tompkins_baseline,231,360.0,60.0,60.0,63,65,63.0,0.0,2.0,0.9692307692307692,1.0,0.9843749999999999,1.8095238095238095,2.0,0.3926767262493011,0.0,3.7714159989263862,3.7714159989263862
pan_tompkins_baseline,232,360.0,60.0,60.0,56,59,56.0,0.0,3.0,0.9491525423728814,1.0,0.9739130434782608,4.482142857142857,3.0,3.02956309573186,0.0,4.09166699682828,4.09166699682828
pan_tompkins_baseline,233,360.0,60.0,60.0,89,107,89.0,0.0,18.0,0.8317757009345794,1.0,0.9081632653061225,4.820224719101123,5.0,3.2945690276031114,0.0,4.032582997751888,4.032582997751888
pan_tompkins_baseline,234,360.0,60.0,60.0,92,93,92.0,0.0,1.0,0.989247311827957,1.0,0.9945945945945946,2.3260869565217392,2.0,0.46877953593147437,0.0,3.784665997955017,3.784665997955017
current,100,360.0,60.0,60.0,74,75,74.0,0.0,1.0,0.9866666666666667,1.0,0.9932885906040269,0.47297297297297297,0.0,0.5256391983453168,0.0,4.9042499958886765,4.9042499958886765
current,101,360.0,60.0,60.0,73,72,71.0,2.0,1.0,0.9861111111111112,0.9726027397260274,0.9793103448275863,0.38028169014084506,0.0,0.48545599829898833,2.0,5.003874997782987,5.003874997782987
current,102,360.0,60.0,60.0,73,74,73.0,0.0,1.0,0.9864864864864865,1.0,0.9931972789115647,12.479452054794521,16.0,13.130149491565492,0.0,5.10954099445371,5.10954099445371
current,103,360.0,60.0,60.0,70,71,70.0,0.0,1.0,0.9859154929577465,1.0,0.9929078014184397,0.6428571428571429,1.0,0.4791574237499549,0.0,4.668291003326885,4.668291003326885
current,104,360.0,60.0,60.0,77,77,74.0,3.0,3.0,0.961038961038961,0.961038961038961,0.961038961038961,24.64864864864865,36.0,19.427413553284527,3.0,5.338667004252784,5.338667004252784
current,105,360.0,60.0,60.0,83,84,83.0,0.0,1.0,0.9880952380952381,1.0,0.9940119760479043,0.4578313253012048,0.0,0.5865379009464138,0.0,5.215541998040862,5.215541998040862
current,106,360.0,60.0,60.0,68,70,68.0,0.0,2.0,0.9714285714285714,1.0,0.9855072463768115,0.6470588235294118,0.0,3.1897869026674917,0.0,4.902959000901319,4.902959000901319
current,107,360.0,60.0,60.0,71,72,71.0,0.0,1.0,0.9861111111111112,1.0,0.993006993006993,32.985915492957744,38.0,16.342847759260454,0.0,4.704750004748348,4.704750004748348
current,108,360.0,60.0,60.0,59,63,58.0,1.0,5.0,0.9206349206349206,0.9830508474576272,0.9508196721311476,0.603448275862069,1.0,0.8320640353112865,1.0,4.743459001474548,4.743459001474548
current,109,360.0,60.0,60.0,91,92,91.0,0.0,1.0,0.9891304347826086,1.0,0.994535519125683,2.065934065934066,1.0,3.443893629735216,0.0,5.316749993653502,5.316749993653502
current,111,360.0,60.0,60.0,69,70,69.0,0.0,1.0,0.9857142857142858,1.0,0.9928057553956835,1.0579710144927537,1.0,0.5352517481918663,0.0,4.505875003815163,4.505875003815163
current,112,360.0,60.0,60.0,85,86,85.0,0.0,1.0,0.9883720930232558,1.0,0.9941520467836257,0.15294117647058825,0.0,0.3599307891947849,0.0,5.019125004764646,5.019125004764646
current,113,360.0,60.0,60.0,62,59,58.0,4.0,1.0,0.9830508474576272,0.9354838709677419,0.9586776859504132,0.5517241379310345,1.0,0.49731741730537776,4.0,5.364124997868203,5.364124997868203
current,114,360.0,60.0,60.0,57,55,55.0,2.0,0.0,1.0,0.9649122807017544,0.9821428571428572,6.9818181818181815,9.0,5.7232020165562965,2.0,4.490917002840433,4.490917002840433
current,115,360.0,60.0,60.0,63,64,63.0,0.0,1.0,0.984375,1.0,0.9921259842519685,1.3015873015873016,1.0,0.4589470569778083,0.0,4.322624998167157,4.322624998167157
current,116,360.0,60.0,60.0,79,79,78.0,1.0,1.0,0.9873417721518988,0.9873417721518988,0.9873417721518988,0.9230769230769231,1.0,0.38461538461538464,1.0,4.677375000028405,4.677375000028405
current,117,360.0,60.0,60.0,57,51,50.0,7.0,1.0,0.9803921568627451,0.8771929824561403,0.9259259259259259,2.06,1.0,2.996064084761873,7.0,5.007916006434243,5.007916006434243
current,118,360.0,60.0,60.0,73,74,73.0,0.0,1.0,0.9864864864864865,1.0,0.9931972789115647,4.068493150684931,2.0,6.025310971435067,0.0,4.902000000583939,4.902000000583939
current,119,360.0,60.0,60.0,66,71,65.0,1.0,6.0,0.9154929577464789,0.9848484848484849,0.948905109489051,0.8615384615384616,1.0,1.599112179715235,1.0,4.8000409951782785,4.8000409951782785
current,121,360.0,60.0,60.0,60,61,60.0,0.0,1.0,0.9836065573770492,1.0,0.9917355371900827,0.8333333333333334,1.0,0.7717224601860149,0.0,4.495417000725865,4.495417000725865
current,122,360.0,60.0,60.0,87,88,87.0,0.0,1.0,0.9886363636363636,1.0,0.9942857142857142,0.3793103448275862,0.0,0.6164178242662953,0.0,5.19279099535197,5.19279099535197
current,123,360.0,60.0,60.0,52,50,49.0,3.0,1.0,0.98,0.9423076923076923,0.9607843137254902,1.0408163265306123,1.0,0.19786448397617673,3.0,4.463750003196765,4.463750003196765
current,124,360.0,60.0,60.0,49,50,49.0,0.0,1.0,0.98,1.0,0.98989898989899,0.6530612244897959,1.0,0.5170963044620378,0.0,4.015083002741449,4.015083002741449
current,200,360.0,60.0,60.0,89,94,88.0,1.0,6.0,0.9361702127659575,0.9887640449438202,0.9617486338797814,2.727272727272727,1.0,7.501480570114253,1.0,5.399959001806565,5.399959001806565
current,201,360.0,60.0,60.0,89,91,89.0,0.0,2.0,0.978021978021978,1.0,0.9888888888888888,1.0786516853932584,1.0,0.40293081072002485,0.0,5.151833000127226,5.151833000127226
current,202,360.0,60.0,60.0,55,54,53.0,2.0,1.0,0.9814814814814815,0.9636363636363636,0.9724770642201834,0.7924528301886793,1.0,1.3647653826434052,2.0,4.670416994486004,4.670416994486004
current,203,360.0,60.0,60.0,102,109,102.0,0.0,7.0,0.9357798165137615,1.0,0.966824644549763,2.2941176470588234,1.0,6.677327116748712,0.0,5.307332998199854,5.307332998199854
current,205,360.0,60.0,60.0,89,90,89.0,0.0,1.0,0.9888888888888889,1.0,0.9944134078212291,0.2808988764044944,0.0,0.4494382022471911,0.0,5.063332995632663,5.063332995632663
current,207,360.0,60.0,60.0,82,97,75.0,7.0,22.0,0.7731958762886598,0.9146341463414634,0.8379888268156425,10.226666666666667,5.0,15.838653141392207,7.0,5.149167001945898,5.149167001945898
current,208,360.0,60.0,60.0,106,111,98.0,8.0,13.0,0.8828828828828829,0.9245283018867925,0.903225806451613,2.510204081632653,1.0,6.194138111051085,8.0,5.2864579993183725,5.2864579993183725
current,209,360.0,60.0,60.0,93,94,93.0,0.0,1.0,0.9893617021276596,1.0,0.9946524064171123,0.946236559139785,1.0,0.3396896558909959,0.0,5.114624997077044,5.114624997077044
current,210,360.0,60.0,60.0,92,93,90.0,2.0,3.0,0.967741935483871,0.9782608695652174,0.972972972972973,0.35555555555555557,0.0,0.7370277311900889,2.0,5.251999995380174,5.251999995380174
current,212,360.0,60.0,60.0,90,91,90.0,0.0,1.0,0.989010989010989,1.0,0.994475138121547,1.3888888888888888,1.0,3.713921091857393,0.0,5.057207999925595,5.057207999925595
current,213,360.0,60.0,60.0,110,112,110.0,0.0,2.0,0.9821428571428571,1.0,0.9909909909909909,0.14545454545454545,0.0,0.3654500225862142,0.0,5.609915999229997,5.609915999229997
current,214,360.0,60.0,60.0,76,77,76.0,0.0,1.0,0.987012987012987,1.0,0.9934640522875817,1.4078947368421053,1.0,3.2532478976641954,0.0,4.889833006018307,4.889833006018307
current,215,360.0,60.0,60.0,114,114,114.0,0.0,0.0,1.0,1.0,1.0,1.4385964912280702,1.0,4.0728212815874105,0.0,5.655417000525631,5.655417000525631
current,217,360.0,60.0,60.0,72,73,72.0,0.0,1.0,0.9863013698630136,1.0,0.993103448275862,22.38888888888889,23.0,3.169102377100369,0.0,4.823999996006023,4.823999996006023
current,219,360.0,60.0,60.0,74,75,74.0,0.0,1.0,0.9866666666666667,1.0,0.9932885906040269,0.25675675675675674,0.0,0.4368440506822868,0.0,4.830333004065324,4.830333004065324
current,220,360.0,60.0,60.0,72,73,72.0,0.0,1.0,0.9863013698630136,1.0,0.993103448275862,1.2083333333333333,1.0,1.3367288939057422,0.0,4.6435000040219165,4.6435000040219165
current,221,360.0,60.0,60.0,78,79,78.0,0.0,1.0,0.9873417721518988,1.0,0.9936305732484078,0.9615384615384616,1.0,0.8989913260645235,0.0,4.956124997988809,4.956124997988809
current,222,360.0,60.0,60.0,75,76,75.0,0.0,1.0,0.9868421052631579,1.0,0.9933774834437086,0.5066666666666667,1.0,0.4999555535800713,0.0,4.995167000743095,4.995167000743095
current,223,360.0,60.0,60.0,81,81,80.0,1.0,1.0,0.9876543209876543,0.9876543209876543,0.9876543209876543,1.6875,2.0,0.4897384506039933,1.0,5.000749995815568,5.000749995815568
current,228,360.0,60.0,60.0,74,85,73.0,1.0,12.0,0.8588235294117647,0.9864864864864865,0.9182389937106918,1.0410958904109588,1.0,2.714610912051322,1.0,4.776584006322082,4.776584006322082
current,230,360.0,60.0,60.0,80,86,79.0,1.0,7.0,0.9186046511627907,0.9875,0.9518072289156626,2.1772151898734178,1.0,2.9068208466821575,1.0,4.94329200591892,4.94329200591892
current,231,360.0,60.0,60.0,63,65,63.0,0.0,2.0,0.9692307692307692,1.0,0.9843749999999999,0.1746031746031746,0.0,0.3926767262493011,0.0,4.509749996941537,4.509749996941537
current,232,360.0,60.0,60.0,64,59,57.0,7.0,2.0,0.9661016949152542,0.890625,0.9268292682926829,1.2105263157894737,1.0,0.40768245749551757,7.0,4.446250000910368,4.446250000910368
current,233,360.0,60.0,60.0,104,107,104.0,0.0,3.0,0.9719626168224299,1.0,0.985781990521327,1.9134615384615385,1.0,4.407403249348404,0.0,5.564667000726331,5.564667000726331
current,234,360.0,60.0,60.0,92,93,92.0,0.0,1.0,0.989247311827957,1.0,0.9945945945945946,0.3804347826086957,0.0,0.48549372682885417,0.0,5.474332996527664,5.474332996527664
hamilton_style,100,360.0,60.0,60.0,74,75,74.0,0.0,1.0,0.9866666666666667,1.0,0.9932885906040269,2.2972972972972974,2.0,0.45706850068345306,0.0,4.278000000340398,4.278000000340398
hamilton_style,101,360.0,60.0,60.0,71,72,71.0,0.0,1.0,0.9861111111111112,1.0,0.993006993006993,1.7605633802816902,2.0,0.42673964528290464,0.0,4.054083001392428,4.054083001392428
hamilton_style,102,360.0,60.0,60.0,73,74,73.0,0.0,1.0,0.9864864864864865,1.0,0.9931972789115647,16.19178082191781,2.0,15.451787620346384,0.0,4.111041998839937,4.111041998839937
hamilton_style,103,360.0,60.0,60.0,70,71,70.0,0.0,1.0,0.9859154929577465,1.0,0.9929078014184397,2.4571428571428573,2.0,0.49815987926179117,0.0,3.901709002093412,3.901709002093412
hamilton_style,104,360.0,60.0,60.0,75,77,74.0,1.0,3.0,0.961038961038961,0.9866666666666667,0.9736842105263157,25.31081081081081,36.0,20.933601419036187,1.0,4.318416002206504,4.318416002206504
hamilton_style,105,360.0,60.0,60.0,83,84,83.0,0.0,1.0,0.9880952380952381,1.0,0.9940119760479043,1.3373493975903614,1.0,0.5212845217538298,0.0,4.037124999740627,4.037124999740627
hamilton_style,106,360.0,60.0,60.0,74,70,68.0,6.0,2.0,0.9714285714285714,0.918918918918919,0.9444444444444445,2.485294117647059,2.0,3.175483234348168,6.0,4.057334001117852,4.057334001117852
hamilton_style,107,360.0,60.0,60.0,71,72,71.0,0.0,1.0,0.9861111111111112,1.0,0.993006993006993,27.535211267605632,37.0,19.37442590865142,0.0,3.9763750028214417,3.9763750028214417
hamilton_style,108,360.0,60.0,60.0,61,63,60.0,1.0,3.0,0.9523809523809523,0.9836065573770492,0.9677419354838709,1.8666666666666667,2.0,1.8749814813900307,1.0,4.158125004323665,4.158125004323665
hamilton_style,109,360.0,60.0,60.0,91,92,91.0,0.0,1.0,0.9891304347826086,1.0,0.994535519125683,6.593406593406593,1.0,9.337362055386047,0.0,4.18925000121817,4.18925000121817
hamilton_style,111,360.0,60.0,60.0,71,70,69.0,2.0,1.0,0.9857142857142858,0.971830985915493,0.9787234042553192,5.27536231884058,1.0,6.898611618291712,2.0,3.993416001321748,3.993416001321748
hamilton_style,112,360.0,60.0,60.0,85,86,85.0,0.0,1.0,0.9883720930232558,1.0,0.9941520467836257,2.152941176470588,2.0,0.3599307891947849,0.0,4.11504200019408,4.11504200019408
hamilton_style,113,360.0,60.0,60.0,114,59,58.0,56.0,1.0,0.9830508474576272,0.5087719298245614,0.6705202312138728,2.4827586206896552,2.0,0.4997026464203254,56.0,4.230582999298349,4.230582999298349
hamilton_style,114,360.0,60.0,60.0,61,55,54.0,7.0,1.0,0.9818181818181818,0.8852459016393442,0.9310344827586207,7.222222222222222,12.0,6.155617952172946,7.0,3.833957998722326,3.833957998722326
hamilton_style,115,360.0,60.0,60.0,63,64,63.0,0.0,1.0,0.984375,1.0,0.9921259842519685,3.1746031746031744,3.0,0.3796273251778222,0.0,3.9052089996403083,3.9052089996403083
hamilton_style,116,360.0,60.0,60.0,79,79,78.0,1.0,1.0,0.9873417721518988,0.9873417721518988,0.9873417721518988,2.717948717948718,3.0,0.4776393848768502,1.0,4.223167001327965,4.223167001327965
hamilton_style,117,360.0,60.0,60.0,69,51,50.0,19.0,1.0,0.9803921568627451,0.7246376811594203,0.8333333333333334,3.96,3.0,4.6303347611160905,19.0,3.7168340058997273,3.7168340058997273
hamilton_style,118,360.0,60.0,60.0,73,74,73.0,0.0,1.0,0.9864864864864865,1.0,0.9931972789115647,16.698630136986303,18.0,3.9851949695583437,0.0,3.976291998696979,3.976291998696979
hamilton_style,119,360.0,60.0,60.0,67,71,64.0,3.0,7.0,0.9014084507042254,0.9552238805970149,0.927536231884058,13.265625,3.0,17.925402878579188,3.0,4.105416999664158,4.105416999664158
hamilton_style,121,360.0,60.0,60.0,60,61,60.0,0.0,1.0,0.9836065573770492,1.0,0.9917355371900827,1.8166666666666667,2.0,0.7851043808875919,0.0,4.011709002952557,4.011709002952557
hamilton_style,122,360.0,60.0,60.0,87,88,87.0,0.0,1.0,0.9886363636363636,1.0,0.9942857142857142,1.8045977011494252,2.0,0.5432782665791481,0.0,3.9693750004516914,3.9693750004516914
hamilton_style,123,360.0,60.0,60.0,50,50,49.0,1.0,1.0,0.98,0.98,0.98,2.9183673469387754,3.0,0.2738042421428314,1.0,3.66287499491591,3.66287499491591
hamilton_style,124,360.0,60.0,60.0,49,50,49.0,0.0,1.0,0.98,1.0,0.98989898989899,1.0,1.0,0.40406101782088427,0.0,3.9545000036014244,3.9545000036014244
hamilton_style,200,360.0,60.0,60.0,91,94,88.0,3.0,6.0,0.9361702127659575,0.967032967032967,0.9513513513513513,3.75,3.0,6.461863648993363,3.0,4.002582994871773,4.002582994871773
hamilton_style,201,360.0,60.0,60.0,90,91,90.0,0.0,1.0,0.989010989010989,1.0,0.994475138121547,2.911111111111111,3.0,1.9700222471639726,0.0,4.1944589975173585,4.1944589975173585
hamilton_style,202,360.0,60.0,60.0,54,54,53.0,1.0,1.0,0.9814814814814815,0.9814814814814815,0.9814814814814815,2.641509433962264,2.0,1.5183697765079776,1.0,3.7979579938109964,3.7979579938109964
hamilton_style,203,360.0,60.0,60.0,102,109,102.0,0.0,7.0,0.9357798165137615,1.0,0.966824644549763,1.3137254901960784,1.0,2.324253217287216,0.0,4.396707998239435,4.396707998239435
hamilton_style,205,360.0,60.0,60.0,89,90,89.0,0.0,1.0,0.9888888888888889,1.0,0.9944134078212291,2.2808988764044944,2.0,0.4494382022471911,0.0,4.497292000451125,4.497292000451125
hamilton_style,207,360.0,60.0,60.0,85,97,80.0,5.0,17.0,0.8247422680412371,0.9411764705882353,0.879120879120879,10.075,3.0,17.116512495248557,5.0,4.843416005314793,4.843416005314793
hamilton_style,208,360.0,60.0,60.0,106,111,94.0,12.0,17.0,0.8468468468468469,0.8867924528301887,0.8663594470046083,7.691489361702128,2.0,14.039478225547828,12.0,4.418541997438297,4.418541997438297
hamilton_style,209,360.0,60.0,60.0,94,94,93.0,1.0,1.0,0.9893617021276596,0.9893617021276596,0.9893617021276596,2.913978494623656,3.0,0.2803958023743075,1.0,4.604542002198286,4.604542002198286
hamilton_style,210,360.0,60.0,60.0,92,93,92.0,0.0,1.0,0.989247311827957,1.0,0.9945945945945946,2.108695652173913,2.0,2.7103386740015125,0.0,4.392667004140094,4.392667004140094
hamilton_style,212,360.0,60.0,60.0,90,91,90.0,0.0,1.0,0.989010989010989,1.0,0.994475138121547,2.6,3.0,0.48989794855663565,0.0,4.117541000596248,4.117541000596248
hamilton_style,213,360.0,60.0,60.0,110,112,110.0,0.0,2.0,0.9821428571428571,1.0,0.9909909909909909,2.1,2.0,0.3554766326548573,0.0,4.228165998938493,4.228165998938493
hamilton_style,214,360.0,60.0,60.0,76,77,76.0,0.0,1.0,0.987012987012987,1.0,0.9934640522875817,3.1315789473684212,3.0,3.18855727672018,0.0,4.285124996386003,4.285124996386003
hamilton_style,215,360.0,60.0,60.0,114,114,114.0,0.0,0.0,1.0,1.0,1.0,4.5701754385964914,3.0,5.387429082656449,0.0,4.7707080011605285,4.7707080011605285
hamilton_style,217,360.0,60.0,60.0,72,73,72.0,0.0,1.0,0.9863013698630136,1.0,0.993103448275862,22.77777777777778,23.0,4.460647547521534,0.0,4.252082995662931,4.252082995662931
hamilton_style,219,360.0,60.0,60.0,73,75,73.0,0.0,2.0,0.9733333333333334,1.0,0.9864864864864865,2.164383561643836,2.0,0.3706232673553064,0.0,3.8503339965245686,3.8503339965245686
hamilton_style,220,360.0,60.0,60.0,72,73,72.0,0.0,1.0,0.9863013698630136,1.0,0.993103448275862,3.111111111111111,3.0,1.3182011686338524,0.0,4.4612499987124465,4.4612499987124465
hamilton_style,221,360.0,60.0,60.0,78,79,78.0,0.0,1.0,0.9873417721518988,1.0,0.9936305732484078,2.423076923076923,3.0,0.8551387767001176,0.0,4.141624995099846,4.141624995099846
hamilton_style,222,360.0,60.0,60.0,75,76,75.0,0.0,1.0,0.9868421052631579,1.0,0.9933774834437086,2.453333333333333,2.0,0.49781745873585254,0.0,4.516125001828186,4.516125001828186
hamilton_style,223,360.0,60.0,60.0,80,81,79.0,1.0,2.0,0.9753086419753086,0.9875,0.9813664596273292,3.088607594936709,3.0,0.3256881096270534,1.0,4.497124995396007,4.497124995396007
hamilton_style,228,360.0,60.0,60.0,74,85,74.0,0.0,11.0,0.8705882352941177,1.0,0.9308176100628931,3.5135135135135136,2.0,5.535924246959933,0.0,4.261833004420623,4.261833004420623
hamilton_style,230,360.0,60.0,60.0,79,86,79.0,0.0,7.0,0.9186046511627907,1.0,0.9575757575757576,4.784810126582278,3.0,3.730377813953187,0.0,3.823125000053551,3.823125000053551
hamilton_style,231,360.0,60.0,60.0,63,65,63.0,0.0,2.0,0.9692307692307692,1.0,0.9843749999999999,1.8095238095238095,2.0,0.3926767262493011,0.0,4.058541999256704,4.058541999256704
hamilton_style,232,360.0,60.0,60.0,62,59,57.0,5.0,2.0,0.9661016949152542,0.9193548387096774,0.9421487603305785,3.1403508771929824,3.0,0.39463936418252604,5.0,3.8682919985149056,3.8682919985149056
hamilton_style,233,360.0,60.0,60.0,104,107,103.0,1.0,4.0,0.9626168224299065,0.9903846153846154,0.976303317535545,2.621359223300971,2.0,2.465751839316873,1.0,4.321582993725315,4.321582993725315
hamilton_style,234,360.0,60.0,60.0,92,93,92.0,0.0,1.0,0.989247311827957,1.0,0.9945945945945946,2.3260869565217392,2.0,0.46877953593147437,0.0,4.248833000019658,4.248833000019658
