record,fs,seconds,analysed_seconds,refractory_ms,detected_r_peaks,reference_annotations,tp,fp,fn,sensitivity,positive_predictive_value,f1,mean_abs_timing_error_samples,median_abs_timing_error_samples,timing_jitter_samples,false_positives_per_minute,mean_hr_bpm,signal_quality,rhythm_label,reasons
100,360.0,300.0,300.0,220.0,371,372,371.0,0.0,1.0,0.9973118279569892,1.0,0.9986541049798116,0.42048517520215634,0.0,0.5202226163239564,0.0,74.22335732528443,0.7808219177911061,Low preliminary rhythm warning,Premature-beat suspicion
101,360.0,300.0,300.0,220.0,350,348,341.0,9.0,7.0,0.9798850574712644,0.9742857142857143,0.9770773638968482,0.5542521994134897,1.0,0.8497823325074427,1.8,69.90680205870079,0.9116022099366929,Normal rhythm candidate,No rule-based warning
102,360.0,300.0,300.0,220.0,367,371,366.0,1.0,5.0,0.9865229110512129,0.997275204359673,0.991869918699187,5.273224043715847,1.0,9.623963913989858,0.2,73.42708004383928,0.8888888888790122,Low preliminary rhythm warning,Wide QRS warning
103,360.0,300.0,300.0,220.0,356,356,355.0,1.0,1.0,0.9971910112359551,0.9971910112359551,0.9971910112359551,0.5971830985915493,1.0,0.49046451996871826,0.2,71.17860557510049,0.8832116788218017,Normal rhythm candidate,No rule-based warning
104,360.0,300.0,300.0,220.0,381,415,368.0,13.0,47.0,0.8867469879518072,0.9658792650918635,0.9246231155778893,16.22554347826087,3.0,18.459267532412433,2.6,76.20886875139271,0.8811881188049014,Normal rhythm candidate,No rule-based warning
105,360.0,300.0,300.0,220.0,418,426,417.0,1.0,9.0,0.9788732394366197,0.9976076555023924,0.9881516587677724,0.4460431654676259,0.0,0.5543252483637152,0.2,83.64862229404062,0.9245283018798148,Moderate preliminary rhythm warning,Premature-beat suspicion; Wide QRS warning
106,360.0,300.0,300.0,220.0,339,344,330.0,9.0,14.0,0.9593023255813954,0.9734513274336283,0.9663250366032211,2.590909090909091,0.0,6.363484125163112,1.8,67.7763440061642,0.8888888888823048,Moderate preliminary rhythm warning,Irregular RR intervals; Premature-beat suspicion; Wide QRS warning
107,360.0,300.0,300.0,220.0,353,354,353.0,0.0,1.0,0.9971751412429378,1.0,0.9985855728429986,33.844192634560905,37.0,13.427592903633508,0.0,70.56923548138592,0.9472817133418193,Normal rhythm candidate,No rule-based warning
108,360.0,300.0,300.0,220.0,292,294,283.0,9.0,11.0,0.9625850340136054,0.9691780821917808,0.9658703071672354,2.491166077738516,1.0,4.659104064475753,1.8,58.27500208601811,0.8814814814710341,Moderate preliminary rhythm warning,Low heart-rate status; Irregular RR intervals; Premature-beat suspicion
109,360.0,300.0,300.0,220.0,433,434,433.0,0.0,1.0,0.9976958525345622,1.0,0.9988465974625144,1.2840646651270209,1.0,2.159826305789591,0.0,86.55788799940632,0.9504720631434102,Normal rhythm candidate,No rule-based warning
111,360.0,300.0,300.0,220.0,352,353,349.0,3.0,4.0,0.9886685552407932,0.9914772727272727,0.9900709219858156,1.2234957020057307,1.0,1.431478018515579,0.6,70.45703771165176,0.9069767441776094,Normal rhythm candidate,No rule-based warning
112,360.0,300.0,300.0,220.0,430,429,428.0,2.0,1.0,0.9976689976689976,0.9953488372093023,0.9965075669383003,0.21962616822429906,0.0,0.4255672923374756,0.4,86.00066822586034,0.9036144578226156,Normal rhythm candidate,No rule-based warning
113,360.0,300.0,300.0,220.0,302,290,289.0,13.0,1.0,0.996551724137931,0.956953642384106,0.9763513513513513,0.5294117647058824,1.0,0.4991341984846218,2.6,60.35143740311336,0.9466666666616177,Low preliminary rhythm warning,Irregular RR intervals
114,360.0,300.0,300.0,220.0,288,276,276.0,12.0,0.0,1.0,0.9583333333333334,0.9787234042553191,3.927536231884058,2.0,5.897958699770337,2.4,57.65088812424441,0.8431372548887349,Moderate preliminary rhythm warning,Low heart-rate status; Irregular RR intervals; Premature-beat suspicion
115,360.0,300.0,300.0,220.0,326,317,316.0,10.0,1.0,0.9968454258675079,0.9693251533742331,0.9828926905132193,1.2278481012658229,1.0,0.4194440892602757,2.0,65.14234809398314,0.9135135135056136,Low preliminary rhythm warning,Irregular RR intervals
116,360.0,300.0,300.0,220.0,396,396,395.0,1.0,1.0,0.9974747474747475,0.9974747474747475,0.9974747474747475,0.8632911392405064,1.0,0.49367737743216794,0.2,79.08054499953657,0.9111111111057124,Low preliminary rhythm warning,Premature-beat suspicion
117,360.0,300.0,300.0,220.0,292,252,251.0,41.0,1.0,0.996031746031746,0.8595890410958904,0.9227941176470589,1.4820717131474104,1.0,2.3493480370999538,8.2,58.33611760775141,0.9069767441776094,Low preliminary rhythm warning,Low heart-rate status; Irregular RR intervals
118,360.0,300.0,300.0,220.0,362,368,362.0,0.0,6.0,0.9836956521739131,1.0,0.9917808219178083,3.2790055248618786,2.0,4.665615011135152,0.0,72.34066239910939,0.9223300970826033,Normal rhythm candidate,No rule-based warning
119,360.0,300.0,300.0,220.0,328,349,326.0,2.0,23.0,0.9340974212034384,0.9939024390243902,0.9630723781388478,0.7484662576687117,1.0,0.9660190571093736,0.4,65.78741477590253,0.9402985074570728,Moderate preliminary rhythm warning,Irregular RR intervals; Premature-beat suspicion
121,360.0,300.0,300.0,220.0,305,306,303.0,2.0,3.0,0.9901960784313726,0.9934426229508196,0.9918166939443536,0.7920792079207921,1.0,0.6706088716640933,0.4,61.04871699516548,0.9223489444237976,Low preliminary rhythm warning,Wide QRS warning
122,360.0,300.0,300.0,220.0,422,423,422.0,0.0,1.0,0.9976359338061466,1.0,0.9988165680473373,0.43838862559241704,0.0,0.6305855954683647,0.0,84.29365962180202,0.9097744360847537,Normal rhythm candidate,No rule-based warning
123,360.0,300.0,300.0,220.0,260,250,249.0,11.0,1.0,0.996,0.9576923076923077,0.9764705882352941,1.0763052208835342,1.0,0.2802050368275086,2.2,51.91006857132253,0.8857142857041631,Low preliminary rhythm warning,Low heart-rate status; Irregular RR intervals
124,360.0,300.0,300.0,220.0,253,254,252.0,1.0,2.0,0.9921259842519685,0.9960474308300395,0.9940828402366864,0.5674603174603174,1.0,0.5189013676775934,0.2,50.572790367087556,0.94052044609106,Low preliminary rhythm warning,Low heart-rate status
200,360.0,300.0,300.0,220.0,442,462,434.0,8.0,28.0,0.9393939393939394,0.9819004524886877,0.9601769911504424,1.7419354838709677,1.0,5.110881635052325,1.6,88.30711325774782,0.9039999999942144,Moderate preliminary rhythm warning,Irregular RR intervals; Premature-beat suspicion
201,360.0,300.0,300.0,220.0,441,443,441.0,0.0,2.0,0.9954853273137697,1.0,0.9977375565610859,1.0317460317460319,1.0,0.46059105169990183,0.0,88.15099939711544,0.862068965505351,Moderate preliminary rhythm warning,Irregular RR intervals; Premature-beat suspicion; Wide QRS warning
202,360.0,300.0,300.0,220.0,275,266,264.0,11.0,2.0,0.9924812030075187,0.96,0.9759704251386321,0.8712121212121212,1.0,1.804478028407271,2.2,54.871129241609495,0.8699186991756757,High preliminary rhythm warning,Low heart-rate status; Irregular RR intervals; Premature-beat suspicion; Wide QRS warning
203,360.0,300.0,300.0,220.0,486,516,476.0,10.0,40.0,0.9224806201550387,0.9794238683127572,0.9500998003992015,1.4222689075630253,1.0,4.252824759016268,2.0,97.11149838703696,0.924999999995375,High preliminary rhythm warning,Irregular RR intervals; Premature-beat suspicion; Wide QRS warning
205,360.0,300.0,300.0,220.0,455,457,455.0,0.0,2.0,0.9956236323851203,1.0,0.9978070175438596,0.2879120879120879,0.0,0.4671247485768692,0.0,91.00982821505137,0.8749999999781249,Low preliminary rhythm warning,Premature-beat suspicion
207,360.0,300.0,300.0,220.0,378,430,363.0,15.0,67.0,0.8441860465116279,0.9603174603174603,0.8985148514851485,9.994490358126722,2.0,16.661759630975652,3.0,75.61283613133263,0.9367588932747082,Moderate preliminary rhythm warning,Irregular RR intervals; Premature-beat suspicion
208,360.0,300.0,300.0,220.0,514,537,475.0,39.0,62.0,0.8845437616387337,0.9241245136186771,0.9039010466222644,2.096842105263158,1.0,4.7058946944599445,7.8,102.74269819193324,0.9351351351310913,Moderate preliminary rhythm warning,Possible tachycardia; Irregular RR intervals; Premature-beat suspicion; Wide QRS warning
209,360.0,300.0,300.0,220.0,490,491,486.0,4.0,5.0,0.9898167006109979,0.9918367346938776,0.9908256880733944,0.9012345679012346,1.0,0.39351549260516616,0.8,98.02418494148655,0.8999999999909999,Normal rhythm candidate,No rule-based warning
210,360.0,300.0,300.0,220.0,448,452,436.0,12.0,16.0,0.9646017699115044,0.9732142857142857,0.9688888888888889,0.46559633027522934,0.0,2.000866479671312,2.4,89.46461333185079,0.9106145251315251,Moderate preliminary rhythm warning,Irregular RR intervals; Premature-beat suspicion; Wide QRS warning
212,360.0,300.0,300.0,220.0,463,464,463.0,0.0,1.0,0.9978448275862069,1.0,0.9989212513484358,0.9481641468682506,1.0,2.229178164829004,0.0,92.75297660541504,0.8873239436553065,Normal rhythm candidate,No rule-based warning
213,360.0,300.0,300.0,220.0,551,556,551.0,0.0,5.0,0.9910071942446043,1.0,0.995483288166215,0.49909255898366606,0.0,2.1006112946096107,0.0,110.16933434723741,0.924349881793194,Low preliminary rhythm warning,Possible tachycardia
214,360.0,300.0,300.0,220.0,383,394,379.0,4.0,15.0,0.9619289340101523,0.9895561357702349,0.9755469755469757,2.3773087071240107,1.0,5.626372999255693,0.8,76.54245401163276,0.9238095238048315,High preliminary rhythm warning,Irregular RR intervals; Premature-beat suspicion; Wide QRS warning
215,360.0,300.0,300.0,220.0,567,577,567.0,0.0,10.0,0.9826689774696707,1.0,0.9912587412587412,1.1728395061728396,1.0,2.4851896847822803,0.0,113.22725841406265,0.865921787701757,Moderate preliminary rhythm warning,Possible tachycardia; Premature-beat suspicion
217,360.0,300.0,300.0,220.0,363,372,362.0,1.0,10.0,0.9731182795698925,0.9972451790633609,0.9850340136054421,19.69060773480663,22.0,8.030412872676598,0.2,72.74486454301875,0.9483870967709304,Low preliminary rhythm warning,Premature-beat suspicion
219,360.0,300.0,300.0,220.0,381,384,381.0,0.0,3.0,0.9921875,1.0,0.996078431372549,0.3648293963254593,0.0,0.8743427855986412,0.0,76.27189518189843,0.9377431906556404,Moderate preliminary rhythm warning,Irregular RR intervals; Premature-beat suspicion
220,360.0,300.0,300.0,220.0,354,355,354.0,0.0,1.0,0.9971830985915493,1.0,0.998589562764457,1.192090395480226,1.0,0.7040871908957119,0.0,70.76708896004456,0.8415841584025093,Normal rhythm candidate,No rule-based warning
221,360.0,300.0,300.0,220.0,409,410,407.0,2.0,3.0,0.9926829268292683,0.9951100244498777,0.993894993894994,0.9336609336609336,1.0,0.9451957841099626,0.4,81.8508577213497,0.9157894736764985,Moderate preliminary rhythm warning,Irregular RR intervals; Premature-beat suspicion
222,360.0,300.0,300.0,220.0,370,372,367.0,3.0,5.0,0.9865591397849462,0.9918918918918919,0.9892183288409703,0.46321525885558584,0.0,0.4986450469210925,0.6,73.99663921717898,0.8383838383702886,Normal rhythm candidate,No rule-based warning
223,360.0,300.0,300.0,220.0,407,411,406.0,1.0,5.0,0.9878345498783455,0.9975429975429976,0.9926650366748166,1.6108374384236452,2.0,1.1001887113413698,0.2,81.29559760088252,0.9349593495874148,Low preliminary rhythm warning,Premature-beat suspicion
228,360.0,300.0,300.0,220.0,372,384,353.0,19.0,31.0,0.9192708333333334,0.9489247311827957,0.933862433862434,1.2322946175637395,1.0,3.5848803433607657,3.8,74.38665540383741,0.8978940650864167,Moderate preliminary rhythm warning,Irregular RR intervals; Premature-beat suspicion
230,360.0,300.0,300.0,220.0,402,431,398.0,4.0,33.0,0.9234338747099768,0.9900497512437811,0.9555822328931574,2.9120603015075375,1.0,3.820435000472925,0.8,80.47346074159411,0.9179487179411859,Normal rhythm candidate,No rule-based warning
231,360.0,300.0,300.0,220.0,294,329,294.0,0.0,35.0,0.8936170212765957,1.0,0.9438202247191011,0.2653061224489796,0.0,1.7956348982634356,0.0,58.82659131469363,0.9075144508586587,Low preliminary rhythm warning,Low heart-rate status; Irregular RR intervals
232,360.0,300.0,300.0,220.0,314,306,295.0,19.0,11.0,0.9640522875816994,0.9394904458598726,0.9516129032258065,1.2847457627118644,1.0,0.47329123843607174,3.8,62.94737626159175,0.8532110091617877,Moderate preliminary rhythm warning,Irregular RR intervals; Premature-beat suspicion
233,360.0,300.0,300.0,220.0,517,537,517.0,0.0,20.0,0.962756052141527,1.0,0.9810246679316889,1.632495164410058,1.0,3.9397922684542683,0.0,103.4788179260786,0.9349593495894419,Moderate preliminary rhythm warning,Possible tachycardia; Irregular RR intervals; Premature-beat suspicion; Wide QRS warning
234,360.0,300.0,300.0,220.0,462,463,462.0,0.0,1.0,0.9978401727861771,1.0,0.9989189189189189,0.29004329004329005,0.0,0.45378208420358995,0.0,92.43708400248786,0.9080459770031443,Normal rhythm candidate,No rule-based warning
