rr_prev_s,rr_next_s,rr_ratio_to_median,instant_hr_bpm,local_median_hr_bpm,rr_cv,qrs_duration_s,r_amplitude,qrs_energy,sqi_numeric,p_visible,t_visible,label
0.0,0.836,0.0,0.0,72.11538461538461,0.002293630266695643,0.08,0.9889361198396636,0.18675183697742498,1.0,1.0,0.0,normal_like
0.836,0.832,1.0048076923076923,71.77033492822967,72.11538461538461,0.002293630266695643,0.084,0.8512874341827213,0.1895330330964083,1.0,1.0,0.0,normal_like
0.832,0.832,1.0,72.11538461538461,72.11538461538461,0.002293630266695643,0.084,0.782405818094819,0.19248912707349417,1.0,0.0,0.0,normal_like
0.832,0.836,1.0,72.11538461538461,72.11538461538461,0.002293630266695643,0.084,0.9002173454154604,0.19132159349783812,1.0,1.0,0.0,normal_like
0.836,0.832,1.0048076923076923,71.77033492822967,72.11538461538461,0.002293630266695643,0.084,0.88267851953239,0.18622365911076466,1.0,1.0,0.0,normal_like
0.832,0.832,1.0,72.11538461538461,72.11538461538461,0.002293630266695643,0.084,0.8355206171738865,0.19014593588816597,1.0,1.0,0.0,normal_like
0.832,0.836,1.0,72.11538461538461,72.11538461538461,0.002293630266695643,0.084,0.8907400038207077,0.1849011263080738,1.0,0.0,0.0,normal_like
0.836,0.832,1.0048076923076923,71.77033492822967,72.11538461538461,0.002293630266695643,0.084,0.8557428300229865,0.18619793327468373,1.0,1.0,0.0,normal_like
0.832,0.832,1.0,72.11538461538461,72.11538461538461,0.002293630266695643,0.084,0.9004996548605498,0.1888023016946745,1.0,0.0,0.0,normal_like
0.832,0.832,1.0,72.11538461538461,72.11538461538461,0.002293630266695643,0.08,0.8151940091940304,0.18458357550183482,1.0,1.0,0.0,normal_like
0.832,0.836,1.0,72.11538461538461,72.11538461538461,0.002293630266695643,0.084,0.8858402672944904,0.18495914006812814,1.0,0.0,0.0,normal_like
0.836,0.832,1.0048076923076923,71.77033492822967,72.11538461538461,0.002293630266695643,0.084,0.9483218721059836,0.18884108585511405,1.0,1.0,0.0,normal_like
0.832,0.832,1.0,72.11538461538461,72.11538461538461,0.002293630266695643,0.084,0.9207784609048604,0.18994594570743678,1.0,1.0,0.0,normal_like
0.832,0.836,1.0,72.11538461538461,72.11538461538461,0.002293630266695643,0.084,0.8378224594597378,0.18661927617228444,1.0,1.0,0.0,normal_like
0.836,0.832,1.0048076923076923,71.77033492822967,72.11538461538461,0.002293630266695643,0.084,0.9183875142359114,0.1896679135027735,1.0,0.0,0.0,normal_like
0.832,0.836,1.0,72.11538461538461,72.11538461538461,0.002293630266695643,0.088,0.9805521753212649,0.19419564594226266,1.0,1.0,0.0,normal_like
0.836,0.832,1.0048076923076923,71.77033492822967,72.11538461538461,0.002293630266695643,0.088,0.7949579236812392,0.18493881034122023,1.0,1.0,0.0,normal_like
0.832,0.0,1.0,72.11538461538461,72.11538461538461,0.002293630266695643,0.084,0.8019305619577115,0.18440153015808627,1.0,1.0,0.0,normal_like
0.0,0.752,0.0,0.0,79.7872340425532,0.0026625969633750062,0.084,0.9864743361851059,0.19583149190348906,1.0,1.0,0.0,normal_like
0.752,0.748,1.0,79.7872340425532,79.7872340425532,0.0026625969633750062,0.084,0.8819313395854613,0.18491591212771677,1.0,0.0,0.0,normal_like
0.748,0.752,0.9946808510638298,80.21390374331551,79.7872340425532,0.0026625969633750062,0.08,0.8342170588948138,0.19483442908480889,1.0,1.0,0.0,normal_like
0.752,0.748,1.0,79.7872340425532,79.7872340425532,0.0026625969633750062,0.088,0.8047867330417638,0.18581854409985316,1.0,1.0,0.0,normal_like
0.748,0.752,0.9946808510638298,80.21390374331551,79.7872340425532,0.0026625969633750062,0.088,0.9609198569293519,0.1843393532167382,1.0,1.0,0.0,normal_like
0.752,0.748,1.0,79.7872340425532,79.7872340425532,0.0026625969633750062,0.084,0.8668381385513344,0.19247446822981848,1.0,1.0,0.0,normal_like
0.748,0.752,0.9946808510638298,80.21390374331551,79.7872340425532,0.0026625969633750062,0.088,0.8354317967992962,0.17922266242327736,1.0,0.0,0.0,normal_like
0.752,0.748,1.0,79.7872340425532,79.7872340425532,0.0026625969633750062,0.08,0.7985743914200955,0.18763896584965764,1.0,0.0,0.0,normal_like
0.748,0.752,0.9946808510638298,80.21390374331551,79.7872340425532,0.0026625969633750062,0.08,0.9859101836310337,0.19665203994552227,1.0,1.0,0.0,normal_like
0.752,0.748,1.0,79.7872340425532,79.7872340425532,0.0026625969633750062,0.084,0.8727917088595697,0.1911307709863071,1.0,1.0,0.0,normal_like
0.748,0.752,0.9946808510638298,80.21390374331551,79.7872340425532,0.0026625969633750062,0.088,0.8660087005718433,0.18815387269957903,1.0,1.0,0.0,normal_like
0.752,0.748,1.0,79.7872340425532,79.7872340425532,0.0026625969633750062,0.08,0.7984116019846726,0.19277457079054092,1.0,1.0,0.0,normal_like
0.748,0.752,0.9946808510638298,80.21390374331551,79.7872340425532,0.0026625969633750062,0.088,0.9906196495939515,0.19092930177406306,1.0,1.0,0.0,normal_like
0.752,0.748,1.0,79.7872340425532,79.7872340425532,0.0026625969633750062,0.084,0.866296097907939,0.19204171741533554,1.0,1.0,0.0,normal_like
0.748,0.752,0.9946808510638298,80.21390374331551,79.7872340425532,0.0026625969633750062,0.088,0.8476374647600317,0.1901742918753914,1.0,1.0,0.0,normal_like
0.752,0.748,1.0,79.7872340425532,79.7872340425532,0.0026625969633750062,0.084,0.782055679261682,0.18656133490840945,1.0,0.0,0.0,normal_like
0.748,0.752,0.9946808510638298,80.21390374331551,79.7872340425532,0.0026625969633750062,0.084,0.9275992793368717,0.17857657977332536,1.0,1.0,0.0,normal_like
0.752,0.748,1.0,79.7872340425532,79.7872340425532,0.0026625969633750062,0.084,0.8594848991368595,0.19211158227348593,1.0,0.0,0.0,normal_like
0.748,0.752,0.9946808510638298,80.21390374331551,79.7872340425532,0.0026625969633750062,0.084,0.8518516582135506,0.18544099395320277,1.0,1.0,0.0,normal_like
0.752,0.0,1.0,79.7872340425532,79.7872340425532,0.0026625969633750062,0.088,0.7752404252410341,0.1828875149937088,1.0,1.0,0.0,normal_like
0.0,1.336,0.0,0.0,45.04504504504504,0.21950686504472047,0.08,1.0090800200457848,0.19123240793865987,1.0,0.0,0.0,warning_like
1.336,1.332,1.003003003003003,44.91017964071856,45.04504504504504,0.21950686504472047,0.084,0.8166104319642414,0.18610307767016027,1.0,1.0,0.0,warning_like
1.332,0.42,1.0,45.04504504504504,45.04504504504504,0.21950686504472047,0.088,0.917290653477944,0.19153836446825703,1.0,0.0,0.0,warning_like
0.42,0.912,0.31531531531531526,142.85714285714286,45.04504504504504,0.21950686504472047,0.036,0.03161334031434085,0.0007310594326642583,1.0,0.0,1.0,warning_like
0.912,1.332,0.6846846846846847,65.78947368421052,45.04504504504504,0.21950686504472047,0.08,0.9463257349944925,0.18676599631740148,1.0,0.0,0.0,warning_like
1.332,1.336,1.0,45.04504504504504,45.04504504504504,0.21950686504472047,0.084,0.9039110630506387,0.18284704585541553,1.0,0.0,0.0,warning_like
1.336,1.332,1.003003003003003,44.91017964071856,45.04504504504504,0.21950686504472047,0.084,0.9225095564076675,0.1854672699439728,1.0,0.0,0.0,warning_like
1.332,1.332,1.0,45.04504504504504,45.04504504504504,0.21950686504472047,0.084,0.8610439063958485,0.18022228973458296,1.0,1.0,0.0,warning_like
1.332,1.336,1.0,45.04504504504504,45.04504504504504,0.21950686504472047,0.088,0.9935750641463108,0.1858644570116638,1.0,0.0,0.0,warning_like
1.336,1.332,1.003003003003003,44.91017964071856,45.04504504504504,0.21950686504472047,0.084,0.8066275770057123,0.19749794623847747,1.0,1.0,0.0,warning_like
1.332,1.336,1.0,45.04504504504504,45.04504504504504,0.21950686504472047,0.084,0.9843969180748475,0.1814876620240752,1.0,0.0,0.0,warning_like
1.336,1.332,1.003003003003003,44.91017964071856,45.04504504504504,0.21950686504472047,0.084,0.8097828308247365,0.19250661581174447,1.0,0.0,0.0,warning_like
1.332,0.0,1.0,45.04504504504504,45.04504504504504,0.21950686504472047,0.088,0.8914214228073384,0.18937860877916976,1.0,0.0,0.0,warning_like
0.0,0.48,0.0,0.0,125.0,2.3129646346357425e-16,0.088,0.9236446485367833,0.1851884936752678,1.0,1.0,0.0,warning_like
0.48,0.48,1.0,125.0,125.0,2.3129646346357425e-16,0.088,0.9077649747926739,0.19247689904736273,1.0,0.0,0.0,warning_like
0.48,0.48,1.0,125.0,125.0,2.3129646346357425e-16,0.084,0.8522340666894513,0.18730727926270144,1.0,0.0,0.0,warning_like
0.48,0.48,1.0,125.0,125.0,2.3129646346357425e-16,0.084,0.7916100949199125,0.1899500697704043,1.0,0.0,0.0,warning_like
0.48,0.48,1.0,125.0,125.0,2.3129646346357425e-16,0.084,0.7949014262619131,0.18406471503887667,1.0,0.0,0.0,warning_like
0.48,0.48,1.0,125.0,125.0,2.3129646346357425e-16,0.084,0.8418570499833904,0.18593442171463767,1.0,0.0,0.0,warning_like
0.48,0.48,1.0,125.0,125.0,2.3129646346357425e-16,0.088,0.8956043162551459,0.17769358690894718,1.0,0.0,0.0,warning_like
0.48,0.48,1.0,125.0,125.0,2.3129646346357425e-16,0.088,0.9233653634436068,0.18666737157631091,1.0,0.0,0.0,warning_like
0.48,0.48,1.0,125.0,125.0,2.3129646346357425e-16,0.088,0.9119363216307408,0.19234125361480475,1.0,0.0,0.0,warning_like
0.48,0.48,1.0,125.0,125.0,2.3129646346357425e-16,0.08,0.8123371411945663,0.1851448685189895,1.0,0.0,0.0,warning_like
0.48,0.48,1.0,125.0,125.0,2.3129646346357425e-16,0.08,0.7908318762144264,0.18618022594389233,1.0,0.0,0.0,warning_like
0.48,0.48,1.0,125.0,125.0,2.3129646346357425e-16,0.084,0.8174896357497664,0.18316802527144277,1.0,0.0,0.0,warning_like
0.48,0.48,1.0,125.0,125.0,2.3129646346357425e-16,0.084,0.879338964503926,0.18261721416679996,1.0,0.0,0.0,warning_like
0.48,0.48,1.0,125.0,125.0,2.3129646346357425e-16,0.088,0.9295481845574507,0.18734225378413447,1.0,0.0,0.0,warning_like
0.48,0.48,1.0,125.0,125.0,2.3129646346357425e-16,0.084,0.88765336521813,0.18855317622633685,1.0,0.0,0.0,warning_like
0.48,0.48,1.0,125.0,125.0,2.3129646346357425e-16,0.084,0.8317428909183876,0.19016149282320177,1.0,0.0,0.0,warning_like
0.48,0.48,1.0,125.0,125.0,2.3129646346357425e-16,0.084,0.7810228727421916,0.19205330994519185,1.0,0.0,0.0,warning_like
0.48,0.48,1.0,125.0,125.0,2.3129646346357425e-16,0.08,0.801006226387512,0.18463708434785545,1.0,0.0,0.0,warning_like
0.48,0.48,1.0,125.0,125.0,2.3129646346357425e-16,0.08,0.8863868030721781,0.19022059559865026,1.0,0.0,0.0,warning_like
0.48,0.48,1.0,125.0,125.0,2.3129646346357425e-16,0.084,0.9252285684176835,0.19295163387100897,1.0,0.0,0.0,warning_like
0.48,0.48,1.0,125.0,125.0,2.3129646346357425e-16,0.088,0.9203535237307918,0.18345682299709234,1.0,0.0,0.0,warning_like
0.48,0.48,1.0,125.0,125.0,2.3129646346357425e-16,0.084,0.8527919833284084,0.18572158441650255,1.0,0.0,0.0,warning_like
0.48,0.48,1.0,125.0,125.0,2.3129646346357425e-16,0.088,0.8199557830590016,0.1968081437130744,1.0,0.0,0.0,warning_like
0.48,0.48,1.0,125.0,125.0,2.3129646346357425e-16,0.088,0.7908410600406318,0.19358225822874683,1.0,0.0,0.0,warning_like
0.48,0.48,1.0,125.0,125.0,2.3129646346357425e-16,0.08,0.8961994718792721,0.1914163739167041,1.0,0.0,0.0,warning_like
0.48,0.48,1.0,125.0,125.0,2.3129646346357425e-16,0.084,0.9066637888394626,0.1880409299182559,1.0,0.0,0.0,warning_like
0.48,0.48,1.0,125.0,125.0,2.3129646346357425e-16,0.084,0.916564764108734,0.18321152524820092,1.0,0.0,0.0,warning_like
0.48,0.48,1.0,125.0,125.0,2.3129646346357425e-16,0.08,0.8688888266728187,0.19286766651756332,1.0,0.0,0.0,warning_like
0.48,0.48,1.0,125.0,125.0,2.3129646346357425e-16,0.084,0.7979282231897135,0.18954845618400593,1.0,0.0,0.0,warning_like
0.48,0.48,1.0,125.0,125.0,2.3129646346357425e-16,0.08,0.8217931838106757,0.18881486265117767,1.0,0.0,0.0,warning_like
0.48,0.48,1.0,125.0,125.0,2.3129646346357425e-16,0.084,0.858222454244429,0.1872497930597,1.0,0.0,0.0,warning_like
0.48,0.0,1.0,125.0,125.0,2.3129646346357425e-16,0.084,0.8856030097074536,0.18125095036213892,1.0,0.0,0.0,warning_like
0.0,0.64,0.0,0.0,94.9367088607595,0.006445319334096717,0.112,0.9687576909470144,0.1856554693511619,1.0,1.0,0.0,warning_like
0.64,0.624,1.0126582278481013,93.75,94.9367088607595,0.006445319334096717,0.08,0.49879734738287174,0.1595042542994027,1.0,1.0,1.0,warning_like
0.624,0.628,0.9873417721518988,96.15384615384616,94.9367088607595,0.006445319334096717,0.076,0.7600316989217315,0.18167227552002738,1.0,0.0,1.0,warning_like
0.628,0.636,0.9936708860759493,95.54140127388536,94.9367088607595,0.006445319334096717,0.076,0.6706831832837421,0.16985164786291673,1.0,1.0,1.0,warning_like
0.636,0.632,1.0063291139240507,94.33962264150944,94.9367088607595,0.006445319334096717,0.084,0.8094236732194686,0.19980000559185776,1.0,1.0,1.0,warning_like
0.632,0.64,1.0,94.9367088607595,94.9367088607595,0.006445319334096717,0.084,0.9115665557340498,0.1757567848054665,1.0,1.0,1.0,warning_like
0.64,0.624,1.0126582278481013,93.75,94.9367088607595,0.006445319334096717,0.096,0.4841043323409031,0.18876640404463363,1.0,1.0,1.0,warning_like
0.624,0.628,0.9873417721518988,96.15384615384616,94.9367088607595,0.006445319334096717,0.084,0.7979281630675685,0.18643976874329646,1.0,1.0,1.0,warning_like
0.628,0.632,0.9936708860759493,95.54140127388536,94.9367088607595,0.006445319334096717,0.096,0.8201993965657897,0.19944631808251373,1.0,1.0,1.0,warning_like
0.632,0.632,1.0,94.9367088607595,94.9367088607595,0.006445319334096717,0.084,0.9718957410766573,0.19287971621192182,1.0,1.0,1.0,warning_like
0.632,0.632,1.0,94.9367088607595,94.9367088607595,0.006445319334096717,0.076,0.9439830106563611,0.16621678175632087,1.0,1.0,1.0,warning_like
0.632,0.632,1.0,94.9367088607595,94.9367088607595,0.006445319334096717,0.092,0.9503773382169522,0.18780621284529003,1.0,1.0,1.0,warning_like
0.632,0.632,1.0,94.9367088607595,94.9367088607595,0.006445319334096717,0.076,0.7970424942225413,0.2075884511839975,1.0,1.0,1.0,warning_like
0.632,0.628,1.0,94.9367088607595,94.9367088607595,0.006445319334096717,0.08,0.7543919884877212,0.19520744250743285,1.0,1.0,0.0,warning_like
0.628,0.636,0.9936708860759493,95.54140127388536,94.9367088607595,0.006445319334096717,0.076,0.98913563298615,0.1912572190492728,1.0,1.0,1.0,warning_like
0.636,0.628,1.0063291139240507,94.33962264150944,94.9367088607595,0.006445319334096717,0.096,0.8357924017257138,0.2082967037170735,1.0,0.0,1.0,warning_like
0.628,0.632,0.9936708860759493,95.54140127388536,94.9367088607595,0.006445319334096717,0.096,0.724542482883469,0.19290702508130553,1.0,1.0,1.0,warning_like
0.632,0.628,1.0,94.9367088607595,94.9367088607595,0.006445319334096717,0.084,0.6745642369997981,0.16868427159177946,1.0,1.0,0.0,warning_like
0.628,0.636,0.9936708860759493,95.54140127388536,94.9367088607595,0.006445319334096717,0.08,0.7039672458770501,0.17948732727618683,1.0,1.0,1.0,warning_like
0.636,0.632,1.0063291139240507,94.33962264150944,94.9367088607595,0.006445319334096717,0.088,0.9204592191561927,0.17951498370716715,1.0,1.0,1.0,warning_like
0.632,0.632,1.0,94.9367088607595,94.9367088607595,0.006445319334096717,0.092,0.8734909181207664,0.1800575081655622,1.0,1.0,1.0,warning_like
0.632,0.632,1.0,94.9367088607595,94.9367088607595,0.006445319334096717,0.092,0.9536217958379736,0.1855130355877579,1.0,1.0,1.0,warning_like
0.632,0.632,1.0,94.9367088607595,94.9367088607595,0.006445319334096717,0.092,0.8713933327241005,0.18671775715586303,1.0,1.0,1.0,warning_like
0.632,0.0,1.0,94.9367088607595,94.9367088607595,0.006445319334096717,0.08,0.9863251217673472,0.191076532858038,1.0,1.0,0.0,warning_like
