record,annotator,fs,window_start_s,window_seconds,lead,tolerance_ms,n_ref_p,n_ref_r,n_ref_t,n_ref_qrs_onset,n_ref_qrs_offset,n_pred_p,n_pred_r,n_pred_t,unmapped_rate,p_matched,p_false_positive,p_missing,p_coverage,p_mae_ms,p_median_ae_ms,p_std_ms,p_mae_samples,p_unavailable_rate,r_matched,r_false_positive,r_missing,r_coverage,r_mae_ms,r_median_ae_ms,r_std_ms,r_mae_samples,r_unavailable_rate,t_matched,t_false_positive,t_missing,t_coverage,t_mae_ms,t_median_ae_ms,t_std_ms,t_mae_samples,t_unavailable_rate,q_vs_qrs_onset_approx_matched,q_vs_qrs_onset_approx_coverage,q_vs_qrs_onset_approx_mae_ms,q_vs_qrs_onset_approx_median_ae_ms,s_vs_qrs_offset_approx_matched,s_vs_qrs_offset_approx_coverage,s_vs_qrs_offset_approx_mae_ms,s_vs_qrs_offset_approx_median_ae_ms,overall_mae_ms,overall_median_ae_ms,overall_std_ms
sel100,q1c,250.0,600.66,24.528,0,150.0,30,30,30,30,30,30,30,30,0.0,30,0,0,1.0,15.866666666666667,12.0,16.764512784118985,3.966666666666667,0.0,30,0,0,1.0,4.133333333333334,4.0,2.186829262247563,1.0333333333333334,0.0,30,0,0,1.0,98.8,96.0,12.4,24.7,0.0,30,1.0,30.666666666666668,32.0,30,1.0,3.2,4.0,39.6,12.0,43.20925826718159
sel102,q1c,250.0,600.416,90.0,0,150.0,0,56,56,56,56,109,109,108,0.14285714285714285,0,109,0,0.0,,,,,1.0,56,53,0,1.0,45.07142857142857,44.0,38.161779682968515,11.267857142857142,0.0,56,52,0,1.0,72.71428571428571,76.0,17.519085802259738,18.178571428571427,0.0,56,1.0,24.857142857142858,22.0,56,1.0,80.0,80.0,58.892857142857146,68.0,27.569184771762693
sel103,q1c,250.0,600.436,26.296,0,150.0,30,30,30,30,30,30,30,30,0.1,30,0,0,1.0,9.6,8.0,8.999753083032642,2.4,0.0,30,0,0,1.0,4.4,4.0,3.6781637931023257,1.1,0.0,30,0,0,1.0,7.733333333333333,6.0,8.726969691708572,1.9333333333333333,0.0,30,1.0,20.4,20.0,30,1.0,13.333333333333334,12.0,7.2444444444444445,4.0,5.929795033203295
sel104,q1c,250.0,600.968,90.0,0,150.0,13,62,62,62,62,102,136,135,0.006550218340611353,13,89,0,1.0,26.153846153846153,12.0,41.260609179003715,6.538461538461538,0.7903225806451613,62,74,0,1.0,26.903225806451612,12.0,38.99470334106478,6.725806451612903,0.0,56,79,6,0.9032258064516129,57.57142857142857,42.0,74.49900697872641,14.392857142857142,0.0,62,1.0,47.61290322580645,24.0,61,0.9838709677419355,49.049180327868854,52.0,39.93893129770992,20.0,41.59267326208887
sel114,q1c,250.0,600.304,90.0,0,150.0,30,30,30,30,30,100,101,101,0.0,30,70,0,1.0,21.2,16.0,28.215362245887725,5.3,0.0,30,71,0,1.0,18.8,22.0,15.428112867964982,4.7,0.0,30,71,0,1.0,16.0,12.0,21.604937707231034,4.0,0.0,30,1.0,50.0,56.0,30,1.0,30.133333333333333,28.0,18.666666666666668,16.0,15.514867421641446
sel116,q1c,250.0,600.496,90.0,0,150.0,44,44,44,44,44,117,117,117,0.06140350877192982,44,73,0,1.0,12.0,8.0,9.848438228327884,3.0,0.0,44,73,0,1.0,2.5454545454545454,4.0,1.9241827716833386,0.6363636363636364,0.0,44,73,0,1.0,9.545454545454545,8.0,10.276749011624926,2.3863636363636362,0.0,44,1.0,17.545454545454547,16.0,44,1.0,9.909090909090908,8.0,8.030303030303031,4.0,8.067836811516674
sel117,q1c,250.0,601.356,35.424,0,150.0,30,30,30,30,30,40,41,41,0.04198473282442748,30,10,0,1.0,7.866666666666666,4.0,9.379883913046164,1.9666666666666666,0.0,30,11,0,1.0,12.266666666666667,12.0,11.43561687594217,3.066666666666667,0.0,30,11,0,1.0,8.8,8.0,10.949581422745498,2.2,0.0,30,1.0,18.133333333333333,16.0,30,1.0,23.866666666666667,24.0,9.644444444444444,12.0,5.959700050452039
sel123,q1c,250.0,600.96,37.292,0,150.0,30,30,30,30,30,30,30,30,0.09731543624161074,30,0,0,1.0,9.866666666666667,8.0,10.6198974675946,2.466666666666667,0.0,30,0,0,1.0,5.066666666666666,4.0,2.908989897236191,1.2666666666666666,0.0,30,0,0,1.0,9.6,8.0,9.488238333150505,2.4,0.0,30,1.0,19.333333333333332,20.0,30,1.0,20.133333333333333,16.0,8.177777777777777,8.0,6.474870702746422
sel14046,q1c,250.0,600.12,90.0,0,150.0,30,30,30,30,30,124,124,124,0.0,30,94,0,1.0,10.933333333333334,12.0,4.836895239257881,2.7333333333333334,0.0,30,94,0,1.0,4.8,4.0,2.8095076674273964,1.2,0.0,30,94,0,1.0,6.533333333333333,4.0,7.752848938723536,1.6333333333333333,0.0,30,1.0,14.666666666666666,16.0,30,1.0,25.733333333333334,26.0,7.4222222222222225,8.0,5.2174446230948845
sel14157,q1c,250.0,602.18,27.952,0,150.0,28,30,30,30,30,33,34,34,0.032,28,5,0,1.0,41.142857142857146,42.0,8.935140440635365,10.285714285714286,0.06666666666666665,30,4,0,1.0,17.2,16.0,3.7452191747168375,4.3,0.0,30,4,0,1.0,85.6,84.0,9.38651515029229,21.4,0.0,30,1.0,12.666666666666666,12.0,30,1.0,30.933333333333334,32.0,48.13636363636363,42.0,29.67367283475593
sel14172,q1c,250.0,601.284,90.0,0,150.0,39,39,39,39,39,65,65,65,0.08333333333333333,39,26,0,1.0,10.461538461538462,12.0,5.572544700392256,2.6153846153846154,0.0,39,26,0,1.0,5.435897435897436,4.0,7.570314702459871,1.358974358974359,0.0,39,26,0,1.0,24.41025641025641,16.0,32.37973246173026,6.102564102564102,0.0,39,1.0,31.076923076923077,8.0,39,1.0,40.41025641025641,40.0,13.435897435897436,12.0,18.53035606753094
sel15814,q1c,250.0,600.152,30.636,0,150.0,30,30,30,30,30,34,34,34,0.0,30,4,0,1.0,6.666666666666667,6.0,7.075466219424853,1.6666666666666667,0.0,30,4,0,1.0,3.066666666666667,4.0,3.3862466931200785,0.7666666666666667,0.0,30,4,0,1.0,124.66666666666667,130.0,24.681076871878087,31.166666666666668,0.0,30,1.0,57.46666666666667,56.0,30,1.0,101.46666666666667,104.0,44.8,8.0,58.348226670187294
sel16265,q1c,250.0,601.076,22.74,0,150.0,30,30,30,30,30,30,30,30,0.0,30,0,0,1.0,11.6,12.0,6.619835513230084,2.9,0.0,30,0,0,1.0,7.466666666666667,8.0,2.2469732728470286,1.8666666666666667,0.0,30,0,0,1.0,15.066666666666666,12.0,12.482877161224579,3.7666666666666666,0.0,30,1.0,36.53333333333333,36.0,30,1.0,6.0,4.0,11.377777777777778,8.0,7.325113238074705
sel16272,q1c,250.0,601.192,32.312,0,150.0,30,30,30,30,30,30,31,31,0.0,30,0,0,1.0,6.666666666666667,8.0,6.671997868371629,1.6666666666666667,0.0,30,1,0,1.0,4.266666666666667,4.0,2.515728301881761,1.0666666666666667,0.0,30,1,0,1.0,5.466666666666667,4.0,7.4248830892404545,1.3666666666666667,0.0,30,1.0,15.866666666666667,16.0,30,1.0,17.066666666666666,16.0,5.466666666666667,4.0,4.318435930853772
sel16273,q1c,250.0,600.58,25.316,0,150.0,30,30,30,30,30,30,30,30,0.0,30,0,0,1.0,13.866666666666667,12.0,6.510162995057975,3.466666666666667,0.0,30,0,0,1.0,6.133333333333334,8.0,1.9955506062794355,1.5333333333333334,0.0,30,0,0,1.0,8.8,8.0,5.926962872238099,2.2,0.0,30,1.0,28.0,28.0,30,1.0,14.0,16.0,9.6,8.0,5.619015334854795
sel16420,q1c,250.0,600.504,26.292,0,150.0,30,30,30,30,30,30,30,30,0.0,30,0,0,1.0,12.4,12.0,6.053098380168622,3.1,0.0,30,0,0,1.0,2.8,4.0,3.3862466931200785,0.7,0.0,30,0,0,1.0,12.533333333333333,12.0,10.549354903921325,3.1333333333333333,0.0,30,1.0,29.866666666666667,32.0,30,1.0,16.8,16.0,9.244444444444444,8.0,7.627889049928865
sel16483,q1c,250.0,600.532,24.98,0,150.0,30,30,30,30,30,30,30,30,0.0,30,0,0,1.0,7.6,8.0,6.379132647416366,1.9,0.0,30,0,0,1.0,9.866666666666667,12.0,2.472964932132188,2.466666666666667,0.0,30,0,0,1.0,7.6,8.0,5.3814496188294845,1.9,0.0,30,1.0,26.266666666666666,26.0,30,1.0,23.066666666666666,20.0,8.355555555555556,8.0,4.326433252849051
sel16539,q1c,250.0,600.24,29.332,0,150.0,30,30,30,30,30,30,31,31,0.0,30,0,0,1.0,8.4,8.0,3.629508690350987,2.1,0.0,30,1,0,1.0,3.8666666666666667,4.0,2.186829262247563,0.9666666666666667,0.0,30,1,0,1.0,8.4,8.0,8.17693232344638,2.1,0.0,30,1.0,23.066666666666666,24.0,30,1.0,15.733333333333333,16.0,6.888888888888889,8.0,4.175176495123541
sel16773,q1c,250.0,600.544,27.744,0,150.0,30,30,30,30,30,30,30,30,0.1,30,0,0,1.0,16.266666666666666,16.0,6.526527066944222,4.066666666666666,0.0,30,0,0,1.0,5.333333333333333,4.0,2.5991451586157237,1.3333333333333333,0.0,30,0,0,1.0,31.6,32.0,13.959305936264245,7.9,0.0,30,1.0,29.333333333333332,30.0,30,1.0,20.133333333333333,20.0,17.733333333333334,16.0,13.037382150314277
sel16786,q1c,250.0,600.764,29.596,0,150.0,30,30,30,30,30,30,31,31,0.0,30,0,0,1.0,9.466666666666667,8.0,4.318435930853773,2.3666666666666667,0.0,30,1,0,1.0,4.8,4.0,1.9043809142780934,1.2,0.0,30,1,0,1.0,9.466666666666667,8.0,4.440220214759123,2.3666666666666667,0.0,30,1.0,29.733333333333334,32.0,30,1.0,43.2,44.0,7.911111111111111,8.0,4.340108663371983
sel16795,q1c,250.0,601.5,36.316,0,150.0,30,30,30,30,30,32,33,33,0.0,30,2,0,1.0,10.8,10.0,6.571318149520857,2.7,0.0,30,3,0,1.0,12.266666666666667,12.0,2.515728301881761,3.066666666666667,0.0,30,3,0,1.0,6.4,6.0,7.4284737478315295,1.6,0.0,30,1.0,28.666666666666668,28.0,30,1.0,30.266666666666666,28.0,9.822222222222223,10.0,5.169521314133828
sel17152,q1c,250.0,600.072,17.188,0,150.0,30,30,30,30,30,32,32,32,0.0,30,2,0,1.0,6.933333333333334,8.0,2.293953404544701,1.7333333333333334,0.0,30,2,0,1.0,3.2,4.0,3.3306655991458123,0.8,0.0,30,2,0,1.0,113.46666666666667,110.0,12.878233143132984,28.366666666666667,0.0,30,1.0,14.0,12.0,30,1.0,11.866666666666667,8.0,41.2,8.0,51.71357010817696
sel17453,q1c,250.0,600.464,27.084,0,150.0,30,30,30,30,30,30,30,30,0.06389776357827476,30,0,0,1.0,10.133333333333333,12.0,6.4277177563701064,2.533333333333333,0.0,30,0,0,1.0,6.0,6.0,2.6699979192667715,1.5,0.0,30,0,0,1.0,15.333333333333334,12.0,11.13073822050152,3.8333333333333335,0.0,30,1.0,15.2,16.0,30,1.0,25.333333333333332,24.0,10.488888888888889,8.0,8.101089699601385
sel213,q1c,250.0,600.188,90.0,0,150.0,28,28,28,28,28,164,164,163,0.0,28,136,0,1.0,65.71428571428571,66.0,51.83411531225436,16.428571428571427,0.0,28,136,0,1.0,5.857142857142857,4.0,2.7217941261796645,1.4642857142857142,0.0,28,135,0,1.0,71.85714285714286,68.0,35.745985931347334,17.964285714285715,0.0,28,1.0,26.285714285714285,28.0,28,1.0,14.428571428571429,8.0,47.80952380952381,52.0,36.789774779749216
sel221,q1c,250.0,601.452,37.112,0,150.0,0,30,30,30,30,51,51,51,0.0,0,51,0,0.0,,,,,1.0,30,21,0,1.0,3.8666666666666667,4.0,2.669997919266771,0.9666666666666667,0.0,30,21,0,1.0,13.6,12.0,13.542361520634266,3.4,0.0,30,1.0,19.333333333333332,20.0,30,1.0,15.333333333333334,4.0,8.733333333333333,4.0,9.13576609936037
sel223,q1c,250.0,671.02,49.856,0,150.0,31,31,31,31,31,72,72,72,0.0,31,41,0,1.0,7.870967741935484,8.0,8.203448425936688,1.967741935483871,0.0,31,41,0,1.0,0.9032258064516129,0.0,1.7879234142646474,0.22580645161290322,0.0,31,41,0,1.0,20.516129032258064,20.0,15.669850821429952,5.129032258064516,0.0,31,1.0,13.161290322580646,12.0,31,1.0,9.290322580645162,4.0,9.763440860215054,4.0,11.531534929830475
sel230,q1c,250.0,600.12,67.292,0,150.0,50,50,50,50,50,79,79,79,0.0,50,29,0,1.0,7.76,8.0,6.9691893359270995,1.94,0.0,50,29,0,1.0,8.72,8.0,3.2682717145304796,2.18,0.0,50,29,0,1.0,11.92,8.0,16.175240338245363,2.98,0.0,50,1.0,23.36,24.0,50,1.0,14.96,16.0,9.466666666666667,8.0,7.553071487076558
sel231,q1c,250.0,600.856,85.648,0,150.0,50,50,50,50,50,96,97,97,0.0,50,46,0,1.0,7.36,8.0,8.35224520712844,1.84,0.0,50,47,0,1.0,12.8,16.0,5.768882040742383,3.2,0.0,50,47,0,1.0,10.48,8.0,12.860108864235949,2.62,0.0,50,1.0,18.08,16.0,50,1.0,26.72,26.0,10.213333333333333,8.0,7.14850722567695
sel232,q1c,250.0,600.532,47.648,0,150.0,0,30,30,30,30,48,50,49,0.0,0,48,0,0.0,,,,,1.0,30,20,0,1.0,2.0,2.0,2.0,0.5,0.0,30,19,0,1.0,8.533333333333333,8.0,8.698403429493382,2.1333333333333333,0.0,30,1.0,23.866666666666667,24.0,30,1.0,74.8,74.0,5.266666666666667,4.0,5.189305241445033
sel233,q1c,250.0,600.532,62.988,0,150.0,30,30,30,30,30,104,107,107,0.0,30,74,0,1.0,8.533333333333333,8.0,8.415858046965067,2.1333333333333333,0.0,30,77,0,1.0,5.866666666666666,4.0,3.6854066562894006,1.4666666666666666,0.0,30,77,0,1.0,113.33333333333333,116.0,14.09806921374539,28.333333333333332,0.0,30,1.0,18.933333333333334,20.0,30,1.0,16.133333333333333,16.0,42.577777777777776,12.0,50.90928266758819
sel30,q1c,250.0,600.9,28.456,0,150.0,30,30,30,30,30,30,30,30,0.0,30,0,0,1.0,7.2,8.0,4.122566622330749,1.8,0.0,30,0,0,1.0,9.466666666666667,8.0,1.9275776393067945,2.3666666666666667,0.0,30,0,0,1.0,4.0,4.0,3.780652501002087,1.0,0.0,30,1.0,15.333333333333334,16.0,30,1.0,17.866666666666667,16.0,6.888888888888889,8.0,3.677089562999654
sel301,q1c,250.0,600.356,39.144,0,150.0,30,30,30,30,30,48,49,49,0.0,30,18,0,1.0,6.4,4.0,8.783823515733655,1.6,0.0,30,19,0,1.0,4.666666666666667,4.0,2.1540659228538015,1.1666666666666667,0.0,30,19,0,1.0,15.466666666666667,14.0,11.853925744476195,3.8666666666666667,0.0,30,1.0,16.4,16.0,30,1.0,20.666666666666668,20.0,8.844444444444445,4.0,8.443157796716044
sel302,q1c,250.0,603.972,20.728,0,150.0,30,30,30,30,30,34,35,34,0.0,30,4,0,1.0,6.666666666666667,8.0,6.2481997407253225,1.6666666666666667,0.0,30,5,0,1.0,6.133333333333334,8.0,2.4729649321321876,1.5333333333333334,0.0,30,4,0,1.0,11.333333333333334,12.0,6.667999866693326,2.8333333333333335,0.0,30,1.0,14.533333333333333,16.0,30,1.0,21.066666666666666,20.0,8.044444444444444,8.0,5.382917653943427
sel306,q1c,250.0,600.444,90.0,0,150.0,30,30,30,30,30,104,104,104,0.0,30,74,0,1.0,28.533333333333335,28.0,12.208558018410237,7.133333333333334,0.0,30,74,0,1.0,11.333333333333334,12.0,3.8758511609996353,2.8333333333333335,0.0,17,87,13,0.5666666666666667,118.82352941176471,120.0,13.426204816646687,29.705882352941178,0.0,30,1.0,11.333333333333334,12.0,30,1.0,5.733333333333333,4.0,41.76623376623377,24.0,42.666905604548255
sel307,q1c,250.0,601.008,32.812,0,150.0,30,30,30,30,30,38,38,38,0.04887218045112782,30,8,0,1.0,11.6,12.0,10.20762242422571,2.9,0.0,30,8,0,1.0,5.6,4.0,1.9595917942265426,1.4,0.0,30,8,0,1.0,11.333333333333334,8.0,8.098285140832115,2.8333333333333335,0.0,30,1.0,26.133333333333333,28.0,30,1.0,7.333333333333333,6.0,9.511111111111111,8.0,7.0698804711637955
sel308,q1c,250.0,600.6,90.0,0,150.0,36,36,36,36,36,107,107,107,0.0,36,71,0,1.0,29.333333333333332,20.0,42.174241743825895,7.333333333333333,0.0,36,71,0,1.0,16.11111111111111,8.0,21.72868616527782,4.027777777777778,0.0,36,71,0,1.0,17.11111111111111,16.0,10.774913708800584,4.277777777777778,0.0,36,1.0,72.33333333333333,76.0,36,1.0,51.0,56.0,20.85185185185185,16.0,21.499704913915902
sel31,q1c,250.0,600.492,25.78,0,150.0,30,30,30,30,30,31,31,30,0.0,30,1,0,1.0,6.8,4.0,8.0718991294215,1.7,0.0,30,1,0,1.0,6.533333333333333,8.0,1.9275776393067945,1.6333333333333333,0.0,29,1,1,0.9666666666666667,76.27586206896552,72.0,46.58844018231014,19.06896551724138,0.0,30,1.0,7.066666666666666,4.0,30,1.0,30.666666666666668,32.0,29.348314606741575,8.0,42.06338211719283
sel310,q1c,250.0,600.1,18.296,0,150.0,0,30,30,30,30,37,38,38,0.14285714285714285,0,37,0,0.0,,,,,1.0,30,8,0,1.0,3.8666666666666667,4.0,0.7180219742846005,0.9666666666666667,0.0,30,8,0,1.0,6.266666666666667,4.0,5.607930891950157,1.5666666666666667,0.0,30,1.0,26.0,24.0,30,1.0,14.933333333333334,14.0,5.066666666666666,4.0,3.567756842735907
sel32,q1c,250.0,600.792,22.48,0,150.0,30,30,30,30,30,31,31,30,0.0,30,1,0,1.0,6.4,8.0,6.90764471839393,1.6,0.0,30,1,0,1.0,11.733333333333333,12.0,4.373658524495126,2.933333333333333,0.0,30,0,0,1.0,110.53333333333333,110.0,10.24933602185473,27.633333333333333,0.0,30,1.0,20.666666666666668,24.0,30,1.0,11.066666666666666,12.0,42.888888888888886,12.0,48.37640481898046
sel33,q1c,250.0,601.148,50.56,0,150.0,30,30,30,30,30,53,54,54,0.0,30,23,0,1.0,10.4,4.0,15.420621114454356,2.6,0.0,30,24,0,1.0,10.933333333333334,8.0,3.7142368739157647,2.7333333333333334,0.0,29,25,1,0.9666666666666667,91.44827586206897,92.0,82.32206697513288,22.862068965517242,0.0,30,1.0,23.6,24.0,30,1.0,26.8,24.0,36.98876404494382,12.0,39.37617325008526
sel34,q1c,250.0,600.388,29.772,0,150.0,30,30,30,30,30,31,32,32,0.0,30,1,0,1.0,6.8,4.0,6.339996494916662,1.7,0.0,30,2,0,1.0,6.8,8.0,1.8330302779823358,1.7,0.0,30,2,0,1.0,2.933333333333333,2.0,4.493946545694058,0.7333333333333333,0.0,30,1.0,21.466666666666665,20.0,30,1.0,11.733333333333333,12.0,5.511111111111111,4.0,4.405159713196042
sel35,q1c,250.0,603.396,90.0,0,150.0,0,30,0,30,30,91,92,91,0.0,0,91,0,0.0,,,,,1.0,30,62,0,1.0,8.4,8.0,2.3888630489558556,2.1,0.0,0,91,0,0.0,,,,,1.0,30,1.0,12.8,12.0,30,1.0,5.066666666666666,4.0,8.4,8.0,2.3888630489558556
sel36,q1c,250.0,600.568,29.78,0,150.0,1,31,31,31,31,31,32,32,0.12350597609561753,0,31,1,0.0,,,,,0.967741935483871,31,1,0,1.0,9.67741935483871,8.0,2.441404893990258,2.4193548387096775,0.0,30,2,1,0.967741935483871,101.06666666666666,106.0,23.820066237430062,25.266666666666666,0.0,31,1.0,12.387096774193548,12.0,31,1.0,88.25806451612904,88.0,54.622950819672134,12.0,47.85708366445279
sel37,q1c,250.0,601.92,90.0,0,150.0,0,30,0,30,30,84,86,86,0.0,0,84,0,0.0,,,,,1.0,30,56,0,1.0,8.533333333333333,8.0,8.048740412152837,2.1333333333333333,0.0,0,86,0,0.0,,,,,1.0,30,1.0,33.6,24.0,30,1.0,19.866666666666667,20.0,8.533333333333333,8.0,3.537733109712426
sel38,q1c,250.0,600.392,18.276,0,150.0,30,30,30,30,30,32,32,32,0.0,30,2,0,1.0,22.0,22.0,11.523116862299984,5.5,0.0,30,2,0,1.0,18.666666666666668,20.0,6.798692684790379,4.666666666666667,0.0,30,2,0,1.0,6.133333333333334,4.0,6.360992235667499,1.5333333333333334,0.0,30,1.0,80.66666666666667,80.0,30,1.0,78.66666666666667,78.0,15.6,16.0,10.397435581270349
sel39,q1c,250.0,600.364,26.064,0,150.0,30,30,30,30,30,33,34,34,0.0,30,3,0,1.0,2.6666666666666665,2.0,3.8087618285561864,0.6666666666666666,0.0,30,4,0,1.0,20.133333333333333,16.0,20.659783800094974,5.033333333333333,0.0,30,4,0,1.0,7.866666666666666,6.0,10.536708320069518,1.9666666666666666,0.0,30,1.0,29.333333333333332,16.0,30,1.0,38.93333333333333,40.0,10.222222222222221,8.0,11.77735848310249
sel40,q1c,250.0,600.536,26.32,0,150.0,30,30,30,30,30,30,30,30,0.0,13,17,17,0.43333333333333335,74.46153846153847,108.0,65.49294193870803,18.615384615384617,0.0,30,0,0,1.0,12.533333333333333,12.0,1.9955506062794355,3.1333333333333333,0.0,30,0,0,1.0,57.2,54.0,24.574241256513567,14.3,0.0,30,1.0,70.66666666666667,70.0,30,1.0,70.8,68.0,41.917808219178085,20.0,39.074832815760814
sel41,q1c,250.0,600.38,20.712,0,150.0,30,30,30,30,30,30,31,31,0.0,30,0,0,1.0,10.8,4.0,12.93058390019569,2.7,0.0,30,1,0,1.0,8.266666666666667,8.0,2.048305532764962,2.066666666666667,0.0,30,1,0,1.0,24.0,20.0,20.623180054384328,6.0,0.0,30,1.0,44.13333333333333,44.0,30,1.0,50.8,50.0,14.355555555555556,8.0,15.247813038896293
sel42,q1c,250.0,600.02,22.564,0,150.0,30,30,30,30,30,30,31,31,0.0,28,2,2,0.9333333333333333,75.0,92.0,74.65334854498887,18.75,0.0,28,3,2,0.9333333333333333,30.285714285714285,32.0,2.249716535431946,7.571428571428571,0.0,23,8,7,0.7666666666666667,130.95652173913044,132.0,9.525609695742018,32.73913043478261,0.0,28,0.9333333333333333,25.285714285714285,24.0,28,0.9333333333333333,5.571428571428571,4.0,75.44303797468355,88.0,45.66796701216153
sel43,q1c,250.0,600.452,19.7,0,150.0,30,30,30,30,30,32,32,31,0.0,30,2,0,1.0,4.533333333333333,4.0,6.953815898882826,1.1333333333333333,0.0,30,2,0,1.0,3.3333333333333335,4.0,1.4907119849998596,0.8333333333333334,0.0,29,2,1,0.9666666666666667,41.93103448275862,44.0,51.59985067588934,10.482758620689655,0.0,30,1.0,71.33333333333333,70.0,30,1.0,34.93333333333333,34.0,16.314606741573034,4.0,25.434469889368895
sel44,q1c,250.0,600.212,25.164,0,150.0,22,30,30,30,30,37,37,37,0.0,22,15,0,1.0,10.363636363636363,8.0,12.80108466478686,2.590909090909091,0.2666666666666667,30,7,0,1.0,10.4,12.0,1.9595917942265426,2.6,0.0,22,15,8,0.7333333333333333,20.0,16.0,25.8923390820624,5.0,0.0,30,1.0,38.93333333333333,32.0,30,1.0,18.8,10.0,13.243243243243244,12.0,12.283597952984396
sel45,q1c,250.0,600.42,28.056,0,150.0,30,30,30,30,30,30,30,30,0.09090909090909091,30,0,0,1.0,6.0,4.0,5.607930891950158,1.5,0.0,30,0,0,1.0,11.733333333333333,12.0,2.048305532764962,2.933333333333333,0.0,30,0,0,1.0,54.53333333333333,20.0,55.19114260660149,13.633333333333333,0.0,30,1.0,19.6,20.0,30,1.0,29.466666666666665,28.0,24.08888888888889,12.0,37.90504054562443
sel46,q1c,250.0,601.204,64.5,0,150.0,29,30,30,30,30,62,63,63,0.0,29,33,0,1.0,62.06896551724138,64.0,16.496459462318402,15.517241379310345,0.033333333333333326,30,33,0,1.0,20.8,20.0,7.110555533852471,5.2,0.0,29,34,1,0.9666666666666667,79.86206896551724,80.0,13.26578211149748,19.96551724137931,0.0,30,1.0,26.666666666666668,28.0,30,1.0,28.0,28.0,53.86363636363637,64.0,27.973681550774334
sel47,q1c,250.0,601.052,31.584,0,150.0,30,30,30,30,30,30,31,31,0.08333333333333333,30,0,0,1.0,37.2,44.0,19.39026101480385,9.3,0.0,30,1,0,1.0,12.0,12.0,3.0983866769659336,3.0,0.0,9,22,21,0.3,136.44444444444446,136.0,7.875575620741933,34.111111111111114,0.0,30,1.0,6.533333333333333,6.0,30,1.0,39.2,40.0,39.18840579710145,16.0,41.11252686924581
sel48,q1c,250.0,600.04,19.616,0,150.0,30,30,30,30,30,31,32,32,0.0,30,1,0,1.0,5.6,4.0,7.370813312578801,1.4,0.0,30,2,0,1.0,4.4,4.0,1.2000000000000002,1.1,0.0,30,2,0,1.0,14.8,12.0,15.844241856270687,3.7,0.0,30,1.0,20.666666666666668,20.0,30,1.0,7.333333333333333,6.0,8.266666666666667,4.0,9.592589732589305
sel49,q1c,250.0,600.544,35.956,0,150.0,30,30,30,30,30,33,33,33,0.0,30,3,0,1.0,4.933333333333334,4.0,5.068420748999523,1.2333333333333334,0.0,30,3,0,1.0,1.3333333333333333,0.0,2.0483055327649624,0.3333333333333333,0.0,16,17,14,0.5333333333333333,135.0,138.0,10.14889156509222,33.75,0.0,30,1.0,10.933333333333334,12.0,30,1.0,15.733333333333333,16.0,30.894736842105264,4.0,54.043252402070564
sel50,q1c,250.0,601.872,90.0,0,150.0,0,30,30,30,30,97,103,102,0.1220472440944882,0,97,0,0.0,,,,,1.0,30,73,0,1.0,4.933333333333334,4.0,2.6699979192667715,1.2333333333333334,0.0,25,77,5,0.8333333333333334,114.56,124.0,77.5387799749261,28.64,0.0,30,1.0,12.533333333333333,12.0,30,1.0,28.0,28.0,54.763636363636365,8.0,58.757425414344986
sel51,q1c,250.0,601.344,36.576,0,150.0,30,30,30,30,30,30,30,30,0.0,30,0,0,1.0,4.933333333333334,4.0,6.255308856394613,1.2333333333333334,0.0,30,0,0,1.0,0.5333333333333333,0.0,1.436043948569201,0.13333333333333333,0.0,30,0,0,1.0,15.6,14.0,14.484321025010303,3.9,0.0,30,1.0,19.333333333333332,20.0,30,1.0,12.0,12.0,7.022222222222222,4.0,9.546352157037411
sel52,q1c,250.0,600.544,19.704,0,150.0,30,30,30,30,30,31,32,31,0.0,30,1,0,1.0,10.933333333333334,8.0,17.24902573738264,2.7333333333333334,0.0,30,2,0,1.0,6.133333333333334,8.0,1.9955506062794357,1.5333333333333334,0.0,30,1,0,1.0,96.53333333333333,88.0,29.09723163616925,24.133333333333333,0.0,30,1.0,22.266666666666666,24.0,30,1.0,9.866666666666667,8.0,37.86666666666667,8.0,45.471163023026655
sel803,q1c,250.0,600.18,32.648,0,150.0,30,30,30,30,30,36,36,36,0.0,30,6,0,1.0,9.2,8.0,7.116803277377343,2.3,0.0,30,6,0,1.0,4.0,4.0,2.293953404544701,1.0,0.0,30,6,0,1.0,7.6,8.0,9.207726224330425,1.9,0.0,30,1.0,26.933333333333334,28.0,30,1.0,12.0,8.0,6.933333333333334,4.0,5.259488779550939
sel808,q1c,250.0,600.456,31.228,0,150.0,30,30,30,30,30,30,30,30,0.1,30,0,0,1.0,16.533333333333335,12.0,12.208558018410237,4.133333333333334,0.0,30,0,0,1.0,5.733333333333333,8.0,2.6699979192667715,1.4333333333333333,0.0,14,16,16,0.4666666666666667,138.0,138.0,7.9642056370093455,34.5,0.0,30,1.0,27.733333333333334,28.0,30,1.0,15.066666666666666,14.0,35.13513513513514,8.0,50.67445764301944
sel811,q1c,250.0,600.664,38.328,0,150.0,30,30,30,30,30,30,31,31,0.0,30,0,0,1.0,14.666666666666666,14.0,8.964126034118195,3.6666666666666665,0.0,30,1,0,1.0,4.933333333333334,4.0,2.2350739485653612,1.2333333333333334,0.0,30,1,0,1.0,9.6,8.0,10.062913207527043,2.4,0.0,30,1.0,24.666666666666668,24.0,30,1.0,10.933333333333334,8.0,9.733333333333333,8.0,7.956548665512369
sel820,q1c,250.0,600.4,32.912,0,150.0,30,30,30,30,30,42,43,43,0.0,30,12,0,1.0,14.0,12.0,15.216949614017771,3.5,0.0,30,13,0,1.0,10.133333333333333,10.0,2.246973272847029,2.533333333333333,0.0,30,13,0,1.0,95.86666666666666,96.0,17.45037408067677,23.966666666666665,0.0,30,1.0,27.866666666666667,28.0,30,1.0,35.733333333333334,40.0,40.0,12.0,41.05281151557507
sel821,q1c,250.0,600.156,17.92,0,150.0,26,30,30,30,30,31,31,31,0.0,26,5,0,1.0,38.61538461538461,30.0,52.36580482330907,9.653846153846153,0.1333333333333333,30,1,0,1.0,2.6666666666666665,4.0,3.85515527861359,0.6666666666666666,0.0,30,1,0,1.0,11.2,12.0,9.039174003561756,2.8,0.0,30,1.0,26.8,28.0,30,1.0,18.533333333333335,20.0,16.511627906976745,8.0,25.69804272071125
sel840,q1c,250.0,600.484,90.0,0,150.0,32,50,50,50,50,115,115,114,0.0,32,83,0,1.0,14.25,12.0,17.942616865998115,3.5625,0.36,50,65,0,1.0,10.72,12.0,6.5600000000000005,2.68,0.0,50,64,0,1.0,8.16,8.0,8.001599840031991,2.04,0.0,50,1.0,22.48,16.0,50,1.0,16.24,16.0,10.606060606060606,8.0,8.35550768796245
sel847,q1c,250.0,600.46,90.0,0,150.0,30,30,30,30,30,84,85,85,0.0,30,54,0,1.0,11.6,12.0,10.550197470505786,2.9,0.0,30,55,0,1.0,8.533333333333333,8.0,3.8273866918419523,2.1333333333333333,0.0,30,55,0,1.0,9.466666666666667,8.0,6.544208635630948,2.3666666666666667,0.0,30,1.0,9.466666666666667,8.0,30,1.0,4.8,4.0,9.866666666666667,8.0,7.499925925560124
sel853,q1c,250.0,600.504,24.956,0,150.0,30,30,30,30,30,30,30,30,0.0,30,0,0,1.0,11.466666666666667,12.0,6.829999186595039,2.8666666666666667,0.0,30,0,0,1.0,17.066666666666666,16.0,2.5157283018817616,4.266666666666667,0.0,30,0,0,1.0,102.93333333333334,102.0,8.698403429493382,25.733333333333334,0.0,30,1.0,10.533333333333333,10.0,30,1.0,28.666666666666668,28.0,43.82222222222222,18.0,42.369427598938934
sel871,q1c,250.0,601.116,90.0,0,150.0,51,51,51,51,51,93,93,93,0.0,51,42,0,1.0,10.901960784313726,12.0,5.865072657518406,2.7254901960784315,0.0,51,42,0,1.0,12.941176470588236,12.0,14.953059964662922,3.235294117647059,0.0,51,42,0,1.0,8.313725490196079,8.0,9.371154215682415,2.0784313725490198,0.0,51,1.0,74.19607843137256,84.0,51,1.0,22.19607843137255,20.0,10.718954248366012,8.0,7.020471946912395
sel872,q1c,250.0,600.332,28.092,0,150.0,30,30,30,30,30,30,30,30,0.0,30,0,0,1.0,7.6,4.0,7.978860960201163,1.9,0.0,30,0,0,1.0,4.266666666666667,4.0,2.293953404544701,1.0666666666666667,0.0,30,0,0,1.0,8.533333333333333,8.0,7.356327586204652,2.1333333333333333,0.0,30,1.0,21.866666666666667,20.0,30,1.0,9.2,8.0,6.8,4.0,4.933333333333333
sel873,q1c,250.0,600.512,90.0,0,150.0,30,30,30,30,30,84,84,84,0.0,30,54,0,1.0,12.666666666666666,8.0,15.824032355881986,3.1666666666666665,0.0,30,54,0,1.0,5.866666666666666,6.0,2.246973272847029,1.4666666666666666,0.0,30,54,0,1.0,8.666666666666666,8.0,7.571877794400365,2.1666666666666665,0.0,30,1.0,16.666666666666668,18.0,30,1.0,6.266666666666667,4.0,9.066666666666666,8.0,7.584780081774874
sel883,q1c,250.0,601.172,31.192,0,150.0,30,30,30,30,30,30,31,31,0.0,30,0,0,1.0,7.6,8.0,8.142071808411748,1.9,0.0,30,1,0,1.0,6.133333333333334,6.0,2.8720878971384023,1.5333333333333334,0.0,30,1,0,1.0,113.46666666666667,114.0,10.855822810311933,28.366666666666667,0.0,30,1.0,15.6,16.0,30,1.0,9.333333333333334,8.0,42.4,8.0,50.7781230233826
sel891,q1c,250.0,600.152,90.0,0,150.0,57,70,70,70,70,125,126,126,0.0,56,69,1,0.9824561403508771,9.785714285714286,8.0,14.35820891564495,2.4464285714285716,0.18571428571428572,70,56,0,1.0,17.885714285714286,20.0,3.495069413342407,4.4714285714285715,0.0,70,56,0,1.0,7.485714285714286,8.0,5.252482406307653,1.8714285714285714,0.0,70,1.0,21.142857142857142,20.0,70,1.0,53.31428571428572,56.0,11.857142857142858,12.0,8.054660205148828
sele0104,q1c,250.0,600.732,32.492,0,150.0,30,30,30,30,30,30,31,31,0.016129032258064516,30,0,0,1.0,13.733333333333333,12.0,3.9575525545748884,3.433333333333333,0.0,30,1,0,1.0,8.0,8.0,2.5298221281347035,2.0,0.0,26,5,4,0.8666666666666667,126.0,132.0,19.159251631442267,31.5,0.0,30,1.0,40.266666666666666,40.0,30,1.0,4.533333333333333,4.0,45.674418604651166,12.0,54.04034708469286
sele0106,q1c,250.0,600.588,31.764,0,150.0,30,30,30,30,30,30,31,31,0.08074534161490683,30,0,0,1.0,8.0,8.0,9.906226997870245,2.0,0.0,30,1,0,1.0,16.133333333333333,16.0,2.6297443897754693,4.033333333333333,0.0,30,1,0,1.0,24.933333333333334,24.0,21.45009712487724,6.233333333333333,0.0,30,1.0,48.4,48.0,30,1.0,14.666666666666666,16.0,16.355555555555554,16.0,14.093584916637395
sele0107,q1c,250.0,600.964,90.0,0,150.0,30,30,30,30,30,79,79,79,0.0641025641025641,23,56,7,0.7666666666666667,143.65217391304347,144.0,4.399690657625571,35.91304347826087,0.0,30,49,0,1.0,5.066666666666666,4.0,2.5157283018817616,1.2666666666666666,0.0,30,49,0,1.0,86.26666666666667,84.0,13.99746008706183,21.566666666666666,0.0,30,1.0,36.13333333333333,36.0,30,1.0,43.86666666666667,44.0,72.81927710843374,80.0,56.50975916959068
sele0110,q1c,250.0,601.064,29.304,0,150.0,30,30,30,30,30,30,30,30,0.0,30,0,0,1.0,50.266666666666666,48.0,41.428921728130405,12.566666666666666,0.0,30,0,0,1.0,2.4,4.0,3.5777087639996634,0.6,0.0,30,0,0,1.0,16.8,16.0,12.410748030101434,4.2,0.0,30,1.0,53.333333333333336,54.0,30,1.0,10.933333333333334,12.0,23.155555555555555,16.0,22.896827102418026
sele0111,q1c,250.0,601.132,30.128,0,150.0,30,30,30,30,30,30,31,31,0.1,30,0,0,1.0,14.266666666666667,12.0,15.377328188675111,3.566666666666667,0.0,30,1,0,1.0,14.266666666666667,16.0,14.608977452998626,3.566666666666667,0.0,30,1,0,1.0,39.733333333333334,36.0,30.896529830315178,9.933333333333334,0.0,30,1.0,30.0,26.0,30,1.0,19.866666666666667,20.0,22.755555555555556,16.0,16.74535498519655
sele0112,q1c,250.0,601.324,90.0,0,150.0,30,30,30,30,30,88,90,90,0.1,29,59,1,0.9666666666666667,115.03448275862068,116.0,12.634061128335984,28.75862068965517,0.0,30,60,0,1.0,8.0,4.0,9.794329425177045,2.0,0.0,19,71,11,0.6333333333333333,140.42105263157896,144.0,7.095705072148513,35.10526315789474,0.0,30,1.0,41.46666666666667,44.0,30,1.0,20.8,26.0,80.05128205128206,110.0,58.5692440151842
sele0114,q1c,250.0,602.428,42.364,0,150.0,30,30,30,30,30,30,31,31,0.08645533141210375,30,0,0,1.0,30.8,22.0,36.429292243102026,7.7,0.0,30,1,0,1.0,2.1333333333333333,4.0,1.9955506062794355,0.5333333333333333,0.0,29,2,1,0.9666666666666667,84.96551724137932,84.0,8.70387451822538,21.24137931034483,0.0,30,1.0,37.333333333333336,36.0,30,1.0,35.2,36.0,38.78651685393258,20.0,37.37164457452698
sele0116,q1c,250.0,601.86,48.252,0,150.0,30,30,30,30,30,41,41,41,0.0,21,20,9,0.7,78.47619047619048,76.0,37.999880653828576,19.61904761904762,0.0,30,11,0,1.0,5.466666666666667,4.0,2.4184476196289406,1.3666666666666667,0.0,29,12,1,0.9666666666666667,60.13793103448276,60.0,22.096534504276732,15.03448275862069,0.0,30,1.0,10.666666666666666,8.0,30,1.0,42.266666666666666,44.0,44.45,46.0,35.97773617113784
sele0121,q1c,250.0,600.328,19.308,0,150.0,30,30,30,30,30,31,32,31,0.0,30,1,0,1.0,8.8,8.0,3.7806525010020864,2.2,0.0,30,2,0,1.0,4.0,4.0,1.4605934866804429,1.0,0.0,30,1,0,1.0,10.0,8.0,4.09878030638384,2.5,0.0,30,1.0,28.8,30.0,30,1.0,10.533333333333333,8.0,7.6,8.0,4.2184778718817
sele0122,q1c,250.0,600.228,20.26,0,150.0,30,30,30,30,30,31,32,31,0.09731543624161074,30,1,0,1.0,9.733333333333333,8.0,4.090096440047458,2.433333333333333,0.0,30,2,0,1.0,9.866666666666667,8.0,1.9955506062794357,2.466666666666667,0.0,30,1,0,1.0,8.8,8.0,5.339995838533543,2.2,0.0,30,1.0,35.733333333333334,36.0,30,1.0,18.666666666666668,20.0,9.466666666666667,8.0,3.885013942488924
sele0124,q1c,250.0,600.856,43.336,0,150.0,50,50,50,50,50,52,54,54,0.0,49,3,1,0.98,15.591836734693878,16.0,9.512218408030055,3.8979591836734695,0.0,50,4,0,1.0,4.8,4.0,3.0983866769659336,1.2,0.0,50,4,0,1.0,17.68,16.0,19.816922061712813,4.42,0.0,50,1.0,24.64,24.0,50,1.0,15.28,16.0,12.671140939597315,8.0,10.960847315150508
sele0126,q1c,250.0,600.18,29.588,0,150.0,30,30,30,30,30,30,30,30,0.1,30,0,0,1.0,9.2,8.0,6.56048778674269,2.3,0.0,30,0,0,1.0,1.7333333333333334,0.0,2.462158041682585,0.43333333333333335,0.0,30,0,0,1.0,7.333333333333333,8.0,8.600775158864074,1.8333333333333333,0.0,30,1.0,4.266666666666667,4.0,30,1.0,23.733333333333334,24.0,6.088888888888889,4.0,5.664008090947697
sele0129,q1c,250.0,600.852,43.872,0,150.0,30,30,30,30,30,34,34,34,0.0,30,4,0,1.0,51.46666666666667,56.0,48.68109375197818,12.866666666666667,0.0,30,4,0,1.0,6.4,4.0,6.984427121978024,1.6,0.0,30,4,0,1.0,18.133333333333333,18.0,26.18769855400729,4.533333333333333,0.0,30,1.0,53.46666666666667,56.0,30,1.0,35.2,36.0,25.333333333333332,14.0,26.812932203198766
sele0133,q1c,250.0,601.24,32.232,0,150.0,30,30,30,30,30,30,30,30,0.0,30,0,0,1.0,13.6,12.0,6.953815898882824,3.4,0.0,30,0,0,1.0,8.4,4.0,11.523116862299982,2.1,0.0,30,0,0,1.0,18.266666666666666,20.0,11.063453348751466,4.566666666666666,0.0,30,1.0,60.13333333333333,58.0,30,1.0,31.2,36.0,13.422222222222222,12.0,10.436024975245633
sele0136,q1c,250.0,600.188,34.108,0,150.0,30,30,30,30,30,31,32,32,0.0429042904290429,30,1,0,1.0,8.4,8.0,9.372299611087985,2.1,0.0,30,2,0,1.0,9.2,8.0,2.7616420236277306,2.3,0.0,30,2,0,1.0,12.133333333333333,8.0,20.37383943524964,3.033333333333333,0.0,30,1.0,20.533333333333335,22.0,30,1.0,6.266666666666667,4.0,9.911111111111111,8.0,10.349068068021545
sele0166,q1c,250.0,601.608,90.0,0,150.0,35,35,35,35,35,78,78,78,0.0,35,43,0,1.0,8.342857142857143,8.0,6.448793590704405,2.085714285714286,0.0,35,43,0,1.0,11.2,12.0,7.240701285237558,2.8,0.0,35,43,0,1.0,5.942857142857143,4.0,6.793994947520846,1.4857142857142858,0.0,35,1.0,5.0285714285714285,4.0,35,1.0,43.77142857142857,44.0,8.495238095238095,8.0,6.359280896039994
sele0170,q1c,250.0,600.484,31.452,0,150.0,30,30,30,30,30,30,31,31,0.0,30,0,0,1.0,16.533333333333335,16.0,5.536143864540452,4.133333333333334,0.0,30,1,0,1.0,3.8666666666666667,4.0,0.7180219742846004,0.9666666666666667,0.0,30,1,0,1.0,11.066666666666666,8.0,15.202923695424143,2.7666666666666666,0.0,30,1.0,29.333333333333332,30.0,30,1.0,10.666666666666666,12.0,10.488888888888889,8.0,9.306203957509497
sele0203,q1c,250.0,600.356,23.092,0,150.0,30,30,30,30,30,30,31,31,0.0,30,0,0,1.0,21.866666666666667,16.0,29.13752830209789,5.466666666666667,0.0,30,1,0,1.0,4.4,4.0,2.1540659228538015,1.1,0.0,28,3,2,0.9333333333333333,126.57142857142857,124.0,10.040733366174617,31.642857142857142,0.0,30,1.0,14.266666666666667,12.0,30,1.0,26.933333333333334,28.0,49.22727272727273,16.0,54.80662851266825
sele0210,q1c,250.0,600.428,25.98,0,150.0,30,30,30,30,30,30,30,30,0.0,30,0,0,1.0,8.0,8.0,6.923069325731824,2.0,0.0,30,0,0,1.0,5.2,4.0,2.1039645117412666,1.3,0.0,30,0,0,1.0,8.933333333333334,8.0,8.74426796377045,2.2333333333333334,0.0,30,1.0,18.933333333333334,20.0,30,1.0,6.666666666666667,6.0,7.377777777777778,8.0,5.330369546867537
sele0211,q1c,250.0,600.02,18.168,0,150.0,30,30,30,30,30,32,32,32,0.0,30,2,0,1.0,7.733333333333333,8.0,5.3065996645686395,1.9333333333333333,0.0,30,2,0,1.0,1.3333333333333333,0.0,2.4729649321321876,0.3333333333333333,0.0,30,2,0,1.0,8.0,6.0,8.820178884555322,2.0,0.0,30,1.0,26.933333333333334,24.0,30,1.0,7.066666666666666,8.0,5.688888888888889,4.0,5.332592541145117
sele0303,q1c,250.0,600.936,26.684,0,150.0,30,30,30,30,30,30,30,30,0.0,30,0,0,1.0,10.266666666666667,4.0,23.742694782933878,2.566666666666667,0.0,30,0,0,1.0,2.1333333333333333,0.0,2.6799668322989043,0.5333333333333333,0.0,30,0,0,1.0,7.6,8.0,6.506065546003121,1.9,0.0,30,1.0,10.533333333333333,12.0,30,1.0,14.266666666666667,16.0,6.666666666666667,4.0,13.15885844424035
sele0405,q1c,250.0,600.368,20.604,0,150.0,30,30,30,30,30,31,31,30,0.0,30,1,0,1.0,15.333333333333334,12.0,12.206373562838209,3.8333333333333335,0.0,30,1,0,1.0,5.333333333333333,4.0,1.8856180831641265,1.3333333333333333,0.0,30,0,0,1.0,8.133333333333333,8.0,8.563488385776752,2.033333333333333,0.0,30,1.0,20.533333333333335,20.0,30,1.0,4.666666666666667,4.0,9.6,8.0,7.770027884977848
sele0406,q1c,250.0,601.132,90.0,0,150.0,30,30,30,30,30,94,94,94,0.030303030303030304,30,64,0,1.0,10.4,12.0,3.2,2.6,0.0,30,64,0,1.0,5.466666666666667,4.0,2.8252826800556123,1.3666666666666667,0.0,30,64,0,1.0,6.533333333333333,4.0,5.131168374638361,1.6333333333333333,0.0,30,1.0,19.6,20.0,30,1.0,10.666666666666666,12.0,7.466666666666667,8.0,4.008879034232776
sele0409,q1c,250.0,600.02,14.988,0,150.0,30,30,30,30,30,32,32,32,0.0,30,2,0,1.0,79.2,80.0,5.406169315390211,19.8,0.0,30,2,0,1.0,4.133333333333334,4.0,1.2578641509408806,1.0333333333333334,0.0,30,2,0,1.0,6.666666666666667,8.0,5.094659513211413,1.6666666666666667,0.0,30,1.0,10.133333333333333,10.0,30,1.0,21.2,20.0,30.0,8.0,35.07579095488954
sele0411,q1c,250.0,600.364,23.324,0,150.0,30,30,30,30,30,30,30,30,0.0,30,0,0,1.0,12.933333333333334,12.0,6.667999866693327,3.2333333333333334,0.0,30,0,0,1.0,3.066666666666667,4.0,2.462158041682585,0.7666666666666667,0.0,30,0,0,1.0,6.133333333333334,4.0,8.026622369755954,1.5333333333333334,0.0,30,1.0,24.133333333333333,24.0,30,1.0,20.0,20.0,7.377777777777778,4.0,6.556723059879121
sele0509,q1c,250.0,600.344,26.712,0,150.0,30,30,30,30,30,30,30,30,0.0,30,0,0,1.0,5.866666666666666,4.0,7.995554320301307,1.4666666666666666,0.0,30,0,0,1.0,0.8,0.0,1.6000000000000003,0.2,0.0,30,0,0,1.0,6.266666666666667,4.0,7.309050705955064,1.5666666666666667,0.0,30,1.0,27.066666666666666,28.0,30,1.0,46.666666666666664,46.0,4.311111111111111,4.0,5.307530173556235
sele0603,q1c,250.0,600.636,33.176,0,150.0,30,30,30,30,30,30,31,31,0.1,30,0,0,1.0,10.933333333333334,8.0,7.973288740120561,2.7333333333333334,0.0,30,1,0,1.0,11.066666666666666,12.0,2.862788073811185,2.7666666666666666,0.0,30,1,0,1.0,6.533333333333333,6.0,7.978860960201163,1.6333333333333333,0.0,30,1.0,29.066666666666666,28.0,30,1.0,26.666666666666668,24.0,9.511111111111111,8.0,5.285713332379912
sele0604,q1c,250.0,600.288,23.944,0,150.0,30,30,30,30,30,29,33,33,0.1,29,0,1,0.9666666666666667,7.862068965517241,8.0,8.337700005355815,1.9655172413793103,0.0,30,3,0,1.0,17.2,16.0,15.733898294941262,4.3,0.0,30,3,0,1.0,12.0,8.0,17.820836743043863,3.0,0.0,30,1.0,26.266666666666666,28.0,30,1.0,17.2,16.0,12.404494382022472,12.0,10.351919000433758
sele0606,q1c,250.0,600.568,20.632,0,150.0,30,30,30,30,30,32,32,31,0.0,30,2,0,1.0,6.933333333333334,8.0,5.259488779550939,1.7333333333333334,0.0,30,2,0,1.0,6.0,6.0,2.0,1.5,0.0,30,1,0,1.0,6.4,4.0,8.283853102404837,1.6,0.0,30,1.0,18.533333333333335,20.0,30,1.0,18.8,20.0,6.444444444444445,4.0,4.721372472564663
sele0607,q1c,250.0,600.264,21.8,0,150.0,30,30,30,30,30,30,30,30,0.012195121951219513,30,0,0,1.0,18.666666666666668,20.0,8.964126034118193,4.666666666666667,0.0,30,0,0,1.0,3.6,4.0,1.1999999999999997,0.9,0.0,30,0,0,1.0,69.86666666666666,74.0,13.012131092006243,17.466666666666665,0.0,30,1.0,18.0,18.0,30,1.0,3.8666666666666667,4.0,30.711111111111112,20.0,29.801284254371936
sele0609,q1c,250.0,600.656,25.06,0,150.0,30,30,30,30,30,30,30,30,0.0,30,0,0,1.0,4.4,4.0,6.0,1.1,0.0,30,0,0,1.0,1.6,0.0,1.9595917942265426,0.4,0.0,30,0,0,1.0,7.866666666666666,8.0,4.882622246293482,1.9666666666666666,0.0,30,1.0,25.6,26.0,30,1.0,17.333333333333332,16.0,4.622222222222222,4.0,4.615379550487883
sele0612,q1c,250.0,601.12,38.384,0,150.0,30,30,30,30,30,30,30,30,0.0,30,0,0,1.0,9.066666666666666,8.0,6.191032941996745,2.2666666666666666,0.0,30,0,0,1.0,5.733333333333333,4.0,1.982142499642467,1.4333333333333333,0.0,30,0,0,1.0,12.0,12.0,11.611488563774529,3.0,0.0,30,1.0,22.266666666666666,22.0,30,1.0,15.466666666666667,16.0,8.933333333333334,8.0,5.499090833947007
sele0704,q1c,250.0,600.232,24.984,0,150.0,30,30,30,30,30,30,30,30,0.09119496855345911,30,0,0,1.0,12.666666666666666,12.0,5.172577264338886,3.1666666666666665,0.0,30,0,0,1.0,19.066666666666666,16.0,21.90119225572485,4.766666666666667,0.0,30,0,0,1.0,10.266666666666667,8.0,5.334999739664681,2.566666666666667,0.0,30,1.0,40.266666666666666,24.0,30,1.0,77.33333333333333,78.0,14.0,12.0,8.60490816014003
